group,participantId,sessionIndex,trialIndex,playerIndex,distanceCondition,nSteps,posteriors
Human-Human,human_6b3ca33d-6a91-4de7-aaef-b55bcb13d712_player1,,0,1,equal_to_both,6,"[0.5, 0.9995495452389491, 0.9999995101074578, 0.9999999988366087, 0.9999999999927697, 0.9999999999999633]"
Human-Human,human_6b3ca33d-6a91-4de7-aaef-b55bcb13d712_player2,,0,2,equal_to_both,6,"[0.5, 0.999830000237463, 0.9999999322553896, 0.9999999999422303, 0.9999999999999029, 0.9999999999999997]"
Human-Human,human_6b3ca33d-6a91-4de7-aaef-b55bcb13d712_player1,,1,1,equal_to_both,4,"[0.5, 0.9959084525448256, 0.9999770481255964, 0.9999997577783318]"
Human-Human,human_6b3ca33d-6a91-4de7-aaef-b55bcb13d712_player2,,1,2,equal_to_both,9,"[0.5, 0.9994303064191473, 0.9999992811891005, 0.9999999981098903, 0.9999999999900172, 0.9999999999998946, 6.463720163755422e-19, 6.463720163755422e-19, 2.4463776805695613e-17]"
Human-Human,human_6b3ca33d-6a91-4de7-aaef-b55bcb13d712_player1,,2,1,closer_to_player1,5,"[0.5, 0.33167051929661634, 1.0, 1.0, 1.0]"
Human-Human,human_6b3ca33d-6a91-4de7-aaef-b55bcb13d712_player2,,2,2,closer_to_player1,9,"[0.5, 0.5795852608813704, 0.6527676344609498, 0.7142529020875961, 0.7600381037960429, 0.7865183487976402, 0.8153350962678854, 0.8153350962678854, 0.8153350962678854]"
Human-Human,human_6b3ca33d-6a91-4de7-aaef-b55bcb13d712_player1,,3,1,equal_to_both,6,"[0.5, 0.5036402535051359, 0.43443437631898013, 0.510111837600777, 0.999917885701626, 0.9999385041469214]"
Human-Human,human_6b3ca33d-6a91-4de7-aaef-b55bcb13d712_player2,,3,2,equal_to_both,6,"[0.5, 0.5883032134536315, 0.6786834512387693, 0.7675252310212789, 0.8497719204689428, 0.9184005897099241]"
Human-Human,human_6b3ca33d-6a91-4de7-aaef-b55bcb13d712_player1,,4,1,closer_to_player1,5,"[0.5, 0.9999930350560399, 0.9999999998920794, 0.9999999999999947, 1.0]"
Human-Human,human_6b3ca33d-6a91-4de7-aaef-b55bcb13d712_player2,,4,2,closer_to_player1,10,"[0.5, 0.586788101075512, 0.7030008666202494, 0.9999978042742335, 0.999999999973099, 0.999999999999999, 1.0, 1.0, 1.0, 1.0]"
Human-Human,human_6b3ca33d-6a91-4de7-aaef-b55bcb13d712_player1,,7,1,closer_to_player2,4,"[0.5, 0.5609945462109613, 0.5997266868933165, 0.9999554743107464]"
Human-Human,human_6b3ca33d-6a91-4de7-aaef-b55bcb13d712_player2,,7,2,closer_to_player2,10,"[0.5, 0.5497334032568709, 0.6300587352938752, 1.0, 1.0, 1.0, 1.0, 1.0, 1.0, 1.0]"
Human-Human,human_6b3ca33d-6a91-4de7-aaef-b55bcb13d712_player2,,8,2,closer_to_player1,7,"[0.5, 0.33501473695832373, 0.20123480006694272, 0.09537204601735949, 3.699976598662438e-07, 1.0, 1.0]"
Human-Human,human_6b3ca33d-6a91-4de7-aaef-b55bcb13d712_player1,,10,1,closer_to_player2,12,"[0.5, 0.41579571195622245, 0.9866937616463436, 0.9861578268752964, 0.9999093808155303, 0.9999100118361101, 0.99999944946539, 0.9999994549916751, 0.9999999971262903, 0.9999999971409778, 3.0763496207980948e-25, 9.113146368817284e-23]"
Human-Human,human_6b3ca33d-6a91-4de7-aaef-b55bcb13d712_player2,,10,2,closer_to_player2,14,"[0.5, 1.0, 1.0, 1.0, 1.0, 1.0, 1.0, 1.0, 1.0, 1.0, 1.0, 1.0, 1.0, 1.0]"
Human-Human,human_6b3ca33d-6a91-4de7-aaef-b55bcb13d712_player1,,11,1,closer_to_player2,11,"[0.5, 0.35436781034826914, 0.0008762129748735687, 0.0014313592151197977, 0.0020100324813133764, 0.002714707075465907, 0.0035163067360425783, 0.006273746759770131, 1.1072707869561263e-08, 0.0007257325093080993, 0.825726375257467]"
Human-Human,human_6b3ca33d-6a91-4de7-aaef-b55bcb13d712_player2,,11,2,closer_to_player2,11,"[0.5, 0.5769857784521709, 0.6365353790756788, 0.5948437001253907, 1.030543952251622e-05, 1.2000339212548135e-05, 1.2191554880864938e-05, 1.624104469456101e-38, 2.446761817390479e-34, 1.060103754756328e-67, 6.916095660637879e-64]"
Human-Human,human_dbe27c5c-9678-4808-9506-13690c5d442a_player1,,2,1,equal_to_both,6,"[0.5, 0.41745967485723506, 0.5260672510023996, 0.9998619215282961, 0.9998398022283523, 0.9997956406478309]"
Human-Human,human_dbe27c5c-9678-4808-9506-13690c5d442a_player2,,2,2,equal_to_both,6,"[0.5, 0.33705877472373863, 0.20391398156654847, 0.11354785492162166, 0.9997529039210332, 0.9996847947116447]"
Human-Human,human_dbe27c5c-9678-4808-9506-13690c5d442a_player1,,5,1,equal_to_both,6,"[0.5, 0.9989137933805177, 0.9999990458496851, 0.9999999986841128, 0.999999999996197, 0.9999999999999767]"
Human-Human,human_dbe27c5c-9678-4808-9506-13690c5d442a_player2,,5,2,equal_to_both,6,"[0.5, 0.23227291265206879, 0.9991308024116926, 0.9999997877368635, 0.9999999999135043, 0.9999999999999263]"
Human-Human,human_dbe27c5c-9678-4808-9506-13690c5d442a_player1,,6,1,closer_to_player2,2,"[0.5, 0.9999148033620131]"
Human-Human,human_dbe27c5c-9678-4808-9506-13690c5d442a_player2,,6,2,closer_to_player2,4,"[0.5, 1.7546265709885753e-06, 0.02982053227832508, 0.9931134093658375]"
Human-Human,human_dbe27c5c-9678-4808-9506-13690c5d442a_player1,,7,1,closer_to_player1,2,"[0.5, 0.5891049036989647]"
Human-Human,human_dbe27c5c-9678-4808-9506-13690c5d442a_player2,,7,2,closer_to_player1,4,"[0.5, 0.3899260014455495, 0.27109553255567337, 0.15682682080507093]"
Human-Human,human_dbe27c5c-9678-4808-9506-13690c5d442a_player2,,8,2,closer_to_player1,3,"[0.5, 0.6589444667262508, 0.9997277903581431]"
Human-Human,human_dbe27c5c-9678-4808-9506-13690c5d442a_player1,,9,1,closer_to_player2,6,"[0.5, 0.9997900809005592, 0.9999998754173749, 0.9999999998149633, 0.9999999999986798, 0.9999999999999938]"
Human-Human,human_dbe27c5c-9678-4808-9506-13690c5d442a_player2,,9,2,closer_to_player2,4,"[0.5, 0.9983677527250754, 0.9999985672205627, 0.9999999975082603]"
Human-Human,human_dbe27c5c-9678-4808-9506-13690c5d442a_player1,,10,1,closer_to_player2,2,"[0.5, 0.9999336101934556]"
Human-Human,human_dbe27c5c-9678-4808-9506-13690c5d442a_player2,,10,2,closer_to_player2,2,"[0.5, 0.9984853193994276]"
Human-Human,human_dbe27c5c-9678-4808-9506-13690c5d442a_player1,,11,1,equal_to_both,6,"[0.5, 0.9996721896509996, 0.9999997340470954, 0.9999999995063286, 0.9999999999980097, 0.9999999999999809]"
Human-Human,human_dbe27c5c-9678-4808-9506-13690c5d442a_player2,,11,2,equal_to_both,8,"[0.5, 0.00017227503189795455, 0.4526812298351962, 0.9992887973809655, 0.9999989502729509, 0.9999999965193732, 0.9999999999720561, 0.9999999999995914]"
Human-Human,human_1d1f4cf9-e5f0-4ef5-8d74-ab6b134f25eb_player1,,0,1,closer_to_player2,8,"[0.5, 0.6670045572166742, 0.8004144267595712, 0.8892419939424081, 0.9421892632314672, 0.9798826679310838, 2.1092443893120607e-32, 2.955617408620225e-28]"
Human-Human,human_1d1f4cf9-e5f0-4ef5-8d74-ab6b134f25eb_player2,,0,2,closer_to_player2,8,"[0.5, 0.5, 0.5, 0.6060379328666123, 0.7361321127157275, 1.0, 1.0, 1.0]"
Human-Human,human_1d1f4cf9-e5f0-4ef5-8d74-ab6b134f25eb_player1,,2,1,closer_to_player1,2,"[0.5, 0.7610969852590125]"
Human-Human,human_1d1f4cf9-e5f0-4ef5-8d74-ab6b134f25eb_player2,,2,2,closer_to_player1,6,"[0.5, 0.6676331432586492, 0.8011347971451153, 0.889826788671019, 0.9429708887934581, 0.981370005515113]"
Human-Human,human_1d1f4cf9-e5f0-4ef5-8d74-ab6b134f25eb_player2,,3,2,closer_to_player1,23,"[0.5, 0.49433434434469486, 0.4886459381043396, 0.440691964818189, 5.492257229230508e-06, 8.706868959098819e-11, 6.588919544673127e-15, 3.575727108903809e-15, 0.9999999999999962, 0.9999999999999999, 1.0, 1.0, 1.0, 1.0, 1.0, 1.0, 1.0, 1.0, 1.0, 0.047083944230733976, 0.0009688689436927948, 0.0007990066521326654, 0.00160829403473056]"
Human-Human,human_1d1f4cf9-e5f0-4ef5-8d74-ab6b134f25eb_player1,,5,1,closer_to_player2,5,"[0.5, 1.0, 1.0, 1.0, 1.0]"
Human-Human,human_1d1f4cf9-e5f0-4ef5-8d74-ab6b134f25eb_player2,,5,2,closer_to_player2,5,"[0.5, 1.0, 1.0, 1.0, 1.0]"
Human-Human,human_1d1f4cf9-e5f0-4ef5-8d74-ab6b134f25eb_player1,,7,1,equal_to_both,5,"[0.5, 0.9999982453772036, 0.9999999999864815, 0.9999999999999997, 1.0]"
Human-Human,human_1d1f4cf9-e5f0-4ef5-8d74-ab6b134f25eb_player2,,7,2,equal_to_both,7,"[0.5, 0.9999950605671429, 0.9999999999446705, 0.9999999999999982, 1.0, 1.0, 1.0]"
Human-Human,human_1d1f4cf9-e5f0-4ef5-8d74-ab6b134f25eb_player1,,8,1,equal_to_both,5,"[0.5, 0.9999147695504116, 0.9999999805017867, 0.9999999999893289, 0.9999999999999873]"
Human-Human,human_1d1f4cf9-e5f0-4ef5-8d74-ab6b134f25eb_player2,,8,2,equal_to_both,5,"[0.5, 0.9999147695504116, 0.9999999805017867, 0.9999999999893289, 0.9999999999999873]"
Human-Human,human_1d1f4cf9-e5f0-4ef5-8d74-ab6b134f25eb_player1,,9,1,equal_to_both,4,"[0.5, 0.9995922466023875, 0.9999996517187104, 0.9999999994007613]"
Human-Human,human_1d1f4cf9-e5f0-4ef5-8d74-ab6b134f25eb_player2,,9,2,equal_to_both,6,"[0.5, 0.9997376710606622, 0.9999999359986832, 0.9999999999738926, 0.9999999999999777, 1.0]"
Human-Human,human_1d1f4cf9-e5f0-4ef5-8d74-ab6b134f25eb_player1,,10,1,closer_to_player2,7,"[0.5, 6.404232687542912e-34, 1.755672067644404e-39, 2.317508251606744e-44, 1.686508704383836e-44, 5.40812516118675e-11, 2.7163315772404045e-05]"
Human-Human,human_1d1f4cf9-e5f0-4ef5-8d74-ab6b134f25eb_player2,,11,2,closer_to_player1,8,"[0.5, 0.5893422230923164, 0.6682644202319545, 0.7320495359688941, 0.7825612255096045, 0.8736686288851411, 0.9995483196986378, 0.9995483196986379]"
Human-Human,human_a5a659ea-c541-4c54-9bad-d736222acbb9_player1,,0,1,equal_to_both,4,"[0.5, 0.999124298094335, 0.9999984756031677, 0.9999999951045704]"
Human-Human,human_a5a659ea-c541-4c54-9bad-d736222acbb9_player2,,0,2,equal_to_both,6,"[0.5, 0.9998277244328858, 0.9999999299179593, 0.9999999999385752, 0.9999999999998932, 0.9999999999999997]"
Human-Human,human_a5a659ea-c541-4c54-9bad-d736222acbb9_player1,,1,1,closer_to_player2,4,"[0.5, 0.33347320099951605, 2.166743424070741e-34, 1.2214142182292162e-29]"
Human-Human,human_a5a659ea-c541-4c54-9bad-d736222acbb9_player2,,1,2,closer_to_player2,2,"[0.5, 0.33347320099951605]"
Human-Human,human_a5a659ea-c541-4c54-9bad-d736222acbb9_player1,,2,1,closer_to_player1,6,"[0.5, 0.704618606987805, 0.9999985289049144, 0.9999999999885042, 0.9999999999999998, 1.0]"
Human-Human,human_a5a659ea-c541-4c54-9bad-d736222acbb9_player2,,2,2,closer_to_player1,4,"[0.5, 0.9999921856124432, 0.9999999998247288, 0.9999999999999885]"
Human-Human,human_a5a659ea-c541-4c54-9bad-d736222acbb9_player1,,3,1,equal_to_both,6,"[0.5, 0.9998300002446118, 0.9999999322553952, 0.9999999999422303, 0.9999999999999029, 0.9999999999999997]"
Human-Human,human_a5a659ea-c541-4c54-9bad-d736222acbb9_player2,,3,2,equal_to_both,6,"[0.5, 0.9998300002446118, 0.9999999322553952, 0.9999999999422303, 0.9999999999999029, 0.9999999999999997]"
Human-Human,human_a5a659ea-c541-4c54-9bad-d736222acbb9_player1,,5,1,closer_to_player2,5,"[0.5, 0.9999980090619492, 0.9999999999823447, 0.9999999999999994, 1.0]"
Human-Human,human_a5a659ea-c541-4c54-9bad-d736222acbb9_player2,,5,2,closer_to_player2,5,"[0.5, 0.9999980090619492, 0.9999999999823447, 0.9999999999999994, 1.0]"
Human-Human,human_a5a659ea-c541-4c54-9bad-d736222acbb9_player1,,6,1,closer_to_player1,5,"[0.5, 0.9999980090619461, 0.9999999999823447, 0.9999999999999994, 1.0]"
Human-Human,human_a5a659ea-c541-4c54-9bad-d736222acbb9_player2,,6,2,closer_to_player1,5,"[0.5, 0.9999980090619461, 0.9999999999823447, 0.9999999999999994, 1.0]"
Human-Human,human_a5a659ea-c541-4c54-9bad-d736222acbb9_player1,,7,1,equal_to_both,6,"[0.5, 0.7677280071839686, 0.999920702114679, 0.9999999806634096, 0.9999999999921011, 0.9999999999999931]"
Human-Human,human_a5a659ea-c541-4c54-9bad-d736222acbb9_player2,,7,2,equal_to_both,6,"[0.5, 0.7677280071839686, 0.999920702114679, 0.9999999806634096, 0.9999999999921011, 0.9999999999999931]"
Human-Human,human_a5a659ea-c541-4c54-9bad-d736222acbb9_player1,,8,1,closer_to_player1,7,"[0.5, 0.49368207556976945, 0.5394284483604967, 0.6129641671973486, 1.0, 1.0, 1.0]"
Human-Human,human_a5a659ea-c541-4c54-9bad-d736222acbb9_player1,,11,1,closer_to_player2,6,"[0.5, 0.9999815592111476, 0.9999999994720222, 0.9999999999999653, 1.0, 1.0]"
Human-Human,human_a5a659ea-c541-4c54-9bad-d736222acbb9_player2,,11,2,closer_to_player2,6,"[0.5, 0.9999815592111476, 0.9999999994720222, 0.9999999999999653, 1.0, 1.0]"
Human-Human,human_31e13002-490a-484d-a0f6-1781673d477a_player1,,1,1,closer_to_player2,5,"[0.5, 0.9999964907722347, 0.9999999999725775, 0.9999999999999993, 1.0]"
Human-Human,human_31e13002-490a-484d-a0f6-1781673d477a_player2,,1,2,closer_to_player2,5,"[0.5, 0.9999964907722347, 0.9999999999725775, 0.9999999999999993, 1.0]"
Human-Human,human_31e13002-490a-484d-a0f6-1781673d477a_player1,,2,1,equal_to_both,6,"[0.5, 0.9992407147732291, 0.9999995497555422, 0.9999999996037021, 0.9999999999993328, 0.9999999999999979]"
Human-Human,human_31e13002-490a-484d-a0f6-1781673d477a_player2,,2,2,equal_to_both,6,"[0.5, 0.9992407147732291, 0.9999995497555422, 0.9999999996037021, 0.9999999999993328, 0.9999999999999979]"
Human-Human,human_31e13002-490a-484d-a0f6-1781673d477a_player1,,7,1,closer_to_player1,6,"[0.5, 0.999992172994117, 0.9999999998243831, 0.9999999999999885, 1.0, 1.0]"
Human-Human,human_31e13002-490a-484d-a0f6-1781673d477a_player2,,7,2,closer_to_player1,6,"[0.5, 0.999992172994117, 0.9999999998243831, 0.9999999999999885, 1.0, 1.0]"
Human-Human,human_31e13002-490a-484d-a0f6-1781673d477a_player1,,8,1,equal_to_both,5,"[0.5, 0.7546116359395909, 0.9999750681861119, 0.9999999977722429, 0.9999999999996158]"
Human-Human,human_31e13002-490a-484d-a0f6-1781673d477a_player2,,8,2,equal_to_both,5,"[0.5, 0.7546116359395909, 0.9999750681861119, 0.9999999977722429, 0.9999999999996158]"
Human-Human,human_31e13002-490a-484d-a0f6-1781673d477a_player1,,9,1,equal_to_both,6,"[0.5, 0.6686413380273375, 0.8026902681743153, 0.8947017891718773, 0.9677671580109648, 0.9999326451986325]"
Human-Human,human_31e13002-490a-484d-a0f6-1781673d477a_player2,,9,2,equal_to_both,8,"[0.5, 0.9965399264756448, 0.999963064797247, 0.9999816956764473, 0.9999909206847881, 0.9999956529230629, 0.9999987697773647, 0.9999999975119773]"
Human-Human,human_31e13002-490a-484d-a0f6-1781673d477a_player1,,10,1,closer_to_player1,5,"[0.5, 1.0, 1.0, 1.0, 1.0]"
Human-Human,human_31e13002-490a-484d-a0f6-1781673d477a_player2,,10,2,closer_to_player1,5,"[0.5, 1.0, 1.0, 1.0, 1.0]"
Human-Human,human_31e13002-490a-484d-a0f6-1781673d477a_player1,,11,1,closer_to_player2,6,"[0.5, 0.6662646433315468, 1.0, 1.0, 1.0, 1.0]"
Human-Human,human_31e13002-490a-484d-a0f6-1781673d477a_player2,,11,2,closer_to_player2,6,"[0.5, 0.6662646433315468, 1.0, 1.0, 1.0, 1.0]"
Human-Human,human_a9a91c71-c38b-4e78-9be4-3c2f5c450004_player1,,0,1,closer_to_player2,4,"[0.5, 0.9999961042350172, 0.9999999999694557, 0.9999999999999993]"
Human-Human,human_a9a91c71-c38b-4e78-9be4-3c2f5c450004_player2,,0,2,closer_to_player2,3,"[0.5, 0.45026659426586674, 0.36994126039499203]"
Human-Human,human_a9a91c71-c38b-4e78-9be4-3c2f5c450004_player1,,1,1,closer_to_player1,13,"[0.5, 0.9997709655191734, 0.9999998946152442, 0.9999999998882045, 0.9999999999997488, 0.9999999999999989, 1.0, 1.0, 1.0, 1.0, 1.0, 1.0, 1.0]"
Human-Human,human_a9a91c71-c38b-4e78-9be4-3c2f5c450004_player2,,1,2,closer_to_player1,2,"[0.5, 0.9991479792141862]"
Human-Human,human_a9a91c71-c38b-4e78-9be4-3c2f5c450004_player1,,3,1,equal_to_both,11,"[0.5, 0.989454536474718, 0.9998175069462129, 0.999995235608333, 0.9999998191786533, 0.9999998329868914, 0.999999841781624, 0.9999999958318041, 0.9999999997441905, 0.9999999998816027, 0.9999999999451733]"
Human-Human,human_a9a91c71-c38b-4e78-9be4-3c2f5c450004_player2,,3,2,equal_to_both,13,"[0.5, 0.9892757183732372, 0.999810940497052, 0.9481035881611855, 0.9990461131935584, 0.9990890062551157, 0.9991053613896095, 0.9991174173366559, 0.9991624848608854, 0.99952555861095, 0.9999945591297776, 0.9999999872424868, 0.9999999999451852]"
Human-Human,human_a9a91c71-c38b-4e78-9be4-3c2f5c450004_player1,,4,1,equal_to_both,10,"[0.5, 0.9938338768149192, 0.9999343869778865, 0.9999988821915231, 0.9999999708805662, 0.9999999988571, 0.9999999998791763, 0.9999999999425115, 0.9999999999721659, 0.9999999999863689]"
Human-Human,human_a9a91c71-c38b-4e78-9be4-3c2f5c450004_player2,,4,2,equal_to_both,12,"[0.5, 0.9924143437306445, 0.9942368918987577, 0.9945685855595979, 0.9949243542178473, 0.9971690666961894, 0.9999893670704036, 0.9999999724280888, 0.9999999998846661, 0.999999898573911, 0.9999999990731429, 0.9999999999807281]"
Human-Human,human_a9a91c71-c38b-4e78-9be4-3c2f5c450004_player1,,5,1,equal_to_both,6,"[0.5, 0.7677270886133915, 0.9999207018775814, 0.9999999806649593, 0.9999999999921142, 0.9999999999999932]"
Human-Human,human_a9a91c71-c38b-4e78-9be4-3c2f5c450004_player2,,5,2,equal_to_both,4,"[0.5, 0.9997306624313734, 0.9999998160675164, 0.9999999996828347]"
Human-Human,human_a9a91c71-c38b-4e78-9be4-3c2f5c450004_player2,,6,2,closer_to_player1,2,"[0.5, 0.33347320104291217]"
Human-Human,human_a9a91c71-c38b-4e78-9be4-3c2f5c450004_player1,,8,1,closer_to_player1,8,"[0.5, 0.5442225104755077, 0.9999941236967025, 0.999999999908147, 0.9999999999999959, 1.0, 1.0, 1.0]"
Human-Human,human_a9a91c71-c38b-4e78-9be4-3c2f5c450004_player2,,8,2,closer_to_player1,12,"[0.5, 0.9838513703368631, 0.9996954528307037, 0.9999866433244934, 0.9992930387566636, 0.9995461729351651, 0.9996914700999957, 0.9997731227015874, 0.9998111779550005, 0.9998049056758221, 1.0877982640907821e-29, 2.712868563878803e-27]"
Human-Human,human_a9a91c71-c38b-4e78-9be4-3c2f5c450004_player2,,9,2,closer_to_player2,3,"[0.5, 0.3708172028520759, 0.6611590098595322]"
Human-Human,human_a9a91c71-c38b-4e78-9be4-3c2f5c450004_player1,,11,1,closer_to_player2,5,"[0.5, 7.814387562291128e-06, 0.1750976081181489, 0.9996779742865526, 0.9999999788290438]"
Human-Human,human_a9a91c71-c38b-4e78-9be4-3c2f5c450004_player2,,11,2,closer_to_player2,7,"[0.5, 0.29538139440543204, 1.4710950951635863e-06, 1.149581395851065e-11, 3.1226183062535345e-07, 0.0045460283782253795, 0.9858129011499385]"
Human-Human,human_6558f174-56b6-4592-b53b-bf9ff8c7f3ca_player1,,1,1,closer_to_player1,8,"[0.5, 0.49933491629953425, 0.53744872014075, 0.9999899722412638, 0.999999999922706, 0.9999999999999979, 1.0, 1.0]"
Human-Human,human_6558f174-56b6-4592-b53b-bf9ff8c7f3ca_player2,,1,2,closer_to_player1,10,"[0.5, 0.9825473685827479, 0.9992252155489083, 0.9876966696292032, 0.9925540562064387, 0.9953665255893493, 0.997015218858371, 0.9979723991157922, 0.9984900210159242, 0.9986583868697188]"
Human-Human,human_6558f174-56b6-4592-b53b-bf9ff8c7f3ca_player1,,3,1,closer_to_player2,10,"[0.5, 0.5116826070603145, 0.5200024179913821, 0.5175781659738046, 0.4116885434915636, 0.5836261491181055, 5.161712854331491e-05, 6.588189700089008e-05, 7.719815548297716e-05, 0.00010732205600117027]"
Human-Human,human_6558f174-56b6-4592-b53b-bf9ff8c7f3ca_player2,,3,2,closer_to_player2,12,"[0.5, 0.4909405108570106, 0.3963949460340056, 0.9926873937064629, 0.9940319117004032, 0.9957341715817646, 1.0, 1.0, 1.0, 1.0, 1.0, 1.0]"
Human-Human,human_6558f174-56b6-4592-b53b-bf9ff8c7f3ca_player1,,4,1,closer_to_player2,10,"[0.5, 0.492756223131201, 0.48777975131223583, 0.4775318954711331, 0.3455733739377192, 0.999985386181073, 0.9999999995942478, 0.9999999999999655, 1.0, 1.0]"
Human-Human,human_6558f174-56b6-4592-b53b-bf9ff8c7f3ca_player2,,4,2,closer_to_player2,10,"[0.5, 0.999198946954845, 0.9999986280920108, 0.9999999953720063, 0.9999999999704995, 0.9999999999792127, 0.999999999984798, 0.9999999999886299, 0.9999999999944839, 0.999999999999991]"
Human-Human,human_6558f174-56b6-4592-b53b-bf9ff8c7f3ca_player1,,6,1,equal_to_both,9,"[0.5, 0.4995828210107924, 0.4990920097424057, 0.9992195664261646, 0.9992081749438916, 0.9987789747812827, 0.9999997896957524, 0.9999999999145123, 0.9999999999999251]"
Human-Human,human_6558f174-56b6-4592-b53b-bf9ff8c7f3ca_player2,,6,2,equal_to_both,9,"[0.5, 0.9958362489307228, 0.9999677282499034, 0.9999993506347155, 0.9999997659853626, 0.9999998875415951, 0.9999999467029074, 0.9999999849964458, 0.9999999999376038]"
Human-Human,human_6558f174-56b6-4592-b53b-bf9ff8c7f3ca_player1,,7,1,equal_to_both,10,"[0.5, 0.4993774525524555, 0.4985523389810992, 0.4902092342394017, 0.9994170922311956, 0.9990370694924774, 0.9999996159694391, 0.9999999996725152, 0.9999999999994491, 0.9999999999999983]"
Human-Human,human_6558f174-56b6-4592-b53b-bf9ff8c7f3ca_player2,,7,2,equal_to_both,11,"[0.5, 0.9924143437300916, 0.9998993207811947, 0.9999961115623133, 0.9999961115623133, 0.9999985549589231, 0.9999993049674524, 0.999999667350221, 0.9999999030882091, 0.9999999991366747, 0.9999999999956078]"
Human-Human,human_6558f174-56b6-4592-b53b-bf9ff8c7f3ca_player1,,8,1,closer_to_player2,5,"[0.5, 0.6679108158633001, 0.801663831689479, 0.8931974205893171, 0.9665201092650288]"
Human-Human,human_6558f174-56b6-4592-b53b-bf9ff8c7f3ca_player2,,8,2,closer_to_player2,7,"[0.5, 0.9959446427843113, 0.9999999414474665, 0.9999999999973676, 0.9999999999999997, 1.0, 1.0]"
Human-Human,human_6558f174-56b6-4592-b53b-bf9ff8c7f3ca_player1,,9,1,closer_to_player1,8,"[0.5, 0.5074107770808101, 0.5573904823218961, 0.9999945111774935, 0.9999999999147832, 0.9999999999999961, 1.0, 1.0]"
Human-Human,human_6558f174-56b6-4592-b53b-bf9ff8c7f3ca_player2,,9,2,closer_to_player1,10,"[0.5, 0.9904523003752144, 0.9998830931865638, 0.9999944535960854, 0.9999944535960853, 0.9999944535960853, 0.9999968554326781, 0.9999981850057795, 0.9999989387131673, 0.9999993756668488]"
Human-Human,human_6558f174-56b6-4592-b53b-bf9ff8c7f3ca_player1,,10,1,equal_to_both,8,"[0.5, 0.4919263496905958, 0.47992664851243894, 0.9997327397769828, 0.9999998425524541, 0.9999999997903063, 0.9999999999993964, 0.999999999999397]"
Human-Human,human_6558f174-56b6-4592-b53b-bf9ff8c7f3ca_player2,,10,2,equal_to_both,10,"[0.5, 0.9977028253538307, 0.9999841101714009, 0.9999635731996269, 0.99998347121052, 0.9999550244357575, 0.9999789890720859, 0.9999940652101015, 0.9999999887764021, 0.9999999999854092]"
Human-Human,human_6558f174-56b6-4592-b53b-bf9ff8c7f3ca_player1,,11,1,closer_to_player1,8,"[0.5, 0.4696758853537154, 0.47534317409363935, 1.0, 1.0, 1.0, 1.0, 1.0]"
Human-Human,human_6558f174-56b6-4592-b53b-bf9ff8c7f3ca_player2,,11,2,closer_to_player1,9,"[0.5, 0.9988113266988329, 0.9999977563981353, 0.9999999788271, 0.9999999788271, 0.9999999874369422, 0.9999999925967744, 0.999999995712623, 0.999999997595385]"
Human-Human,human_cb6a41aa-0534-4a15-86a4-80d9c232a01e_player1,,0,1,closer_to_player2,2,"[0.5, 0.5004507630286346]"
Human-Human,human_cb6a41aa-0534-4a15-86a4-80d9c232a01e_player2,,0,2,closer_to_player2,2,"[0.5, 0.5004507630286346]"
Human-Human,human_cb6a41aa-0534-4a15-86a4-80d9c232a01e_player1,,1,1,closer_to_player1,4,"[0.5, 0.9997370315421371, 3.935296471558705e-30, 1.4960963929621954e-26]"
Human-Human,human_cb6a41aa-0534-4a15-86a4-80d9c232a01e_player2,,1,2,closer_to_player1,4,"[0.5, 3.509227765294579e-06, 0.042360256569336584, 0.9940886513339585]"
Human-Human,human_cb6a41aa-0534-4a15-86a4-80d9c232a01e_player1,,4,1,equal_to_both,6,"[0.5, 0.9998300002446118, 0.9999999322553952, 0.9999999999422303, 0.9999999999999029, 0.9999999999999997]"
Human-Human,human_cb6a41aa-0534-4a15-86a4-80d9c232a01e_player2,,4,2,equal_to_both,6,"[0.5, 0.9998300002446118, 0.9999999322553952, 0.9999999999422303, 0.9999999999999029, 0.9999999999999997]"
Human-Human,human_cb6a41aa-0534-4a15-86a4-80d9c232a01e_player1,,5,1,equal_to_both,5,"[0.5, 0.9999342430445989, 0.9999999886873804, 0.9999999999954015, 0.999999999999996]"
Human-Human,human_cb6a41aa-0534-4a15-86a4-80d9c232a01e_player2,,5,2,equal_to_both,5,"[0.5, 0.9999342430445989, 0.9999999886873804, 0.9999999999954015, 0.999999999999996]"
Human-Human,human_cb6a41aa-0534-4a15-86a4-80d9c232a01e_player1,,6,1,closer_to_player1,2,"[0.5, 0.9997869035674819]"
Human-Human,human_cb6a41aa-0534-4a15-86a4-80d9c232a01e_player2,,6,2,closer_to_player1,2,"[0.5, 0.9997869035674819]"
Human-Human,human_cb6a41aa-0534-4a15-86a4-80d9c232a01e_player1,,7,1,closer_to_player1,3,"[0.5, 0.9997013370588773, 0.9999997781468204]"
Human-Human,human_cb6a41aa-0534-4a15-86a4-80d9c232a01e_player2,,7,2,closer_to_player1,3,"[0.5, 0.9997013370588773, 0.9999997781468204]"
Human-Human,human_cb6a41aa-0534-4a15-86a4-80d9c232a01e_player1,,10,1,equal_to_both,5,"[0.5, 0.664985262987346, 0.7987651998728051, 0.9046279539424401, 0.9999996300023398]"
Human-Human,human_cb6a41aa-0534-4a15-86a4-80d9c232a01e_player2,,10,2,equal_to_both,5,"[0.5, 0.664985262987346, 0.7987651998728051, 0.9046279539424401, 0.9999996300023398]"
Human-Human,human_cb6a41aa-0534-4a15-86a4-80d9c232a01e_player1,,11,1,closer_to_player2,4,"[0.5, 3.513396988259428e-06, 0.013609322105990456, 0.9480620037058577]"
Human-Human,human_cb6a41aa-0534-4a15-86a4-80d9c232a01e_player2,,11,2,closer_to_player2,4,"[0.5, 0.9992447202413527, 1.4270087254242194e-30, 1.8879506809135242e-27]"
Human-Human,human_975b16bb-4262-4523-94e3-02521faeb953_player1,,1,1,equal_to_both,11,"[0.5, 0.9988448304698263, 0.23513881135978404, 0.0004320319443625977, 0.00020911108460195174, 6.0272455241611594e-05, 0.43977868539223014, 0.9998861331412435, 0.9999999803718888, 0.9999999999921836, 0.9999999999999933]"
Human-Human,human_975b16bb-4262-4523-94e3-02521faeb953_player2,,1,2,equal_to_both,7,"[0.5, 0.9986110846323961, 0.9993399630220927, 0.9998090222365683, 0.9999998551069069, 0.9999999999139534, 0.9999999999999238]"
Human-Human,human_975b16bb-4262-4523-94e3-02521faeb953_player1,,3,1,closer_to_player2,7,"[0.5, 0.590975368468023, 0.6714436699331138, 0.744037123178096, 0.867854190284557, 0.7352210761367393, 0.9992751896037378]"
Human-Human,human_975b16bb-4262-4523-94e3-02521faeb953_player2,,3,2,closer_to_player2,10,"[0.5, 0.5, 0.5, 0.5, 0.9999935932292202, 0.9999999999241675, 0.9999999999999973, 1.0, 1.0, 1.0]"
Human-Human,human_975b16bb-4262-4523-94e3-02521faeb953_player1,,4,1,closer_to_player2,9,"[0.5, 0.982238463690926, 0.9995275332931283, 0.9999821165183819, 0.9999990563912557, 0.9999999308639029, 0.9999999884710091, 0.9999999947573487, 0.9999999975424753]"
Human-Human,human_975b16bb-4262-4523-94e3-02521faeb953_player2,,4,2,closer_to_player2,12,"[0.5, 0.9993725995240847, 0.999998197082799, 0.9999981970827989, 0.9999981970827989, 0.9999981970827989, 0.9999999903198895, 0.9999999999716048, 0.9999999999998936, 0.9999999999999993, 1.0, 1.0]"
Human-Human,human_975b16bb-4262-4523-94e3-02521faeb953_player1,,7,1,closer_to_player1,2,"[0.5, 0.5891049036989647]"
Human-Human,human_975b16bb-4262-4523-94e3-02521faeb953_player2,,7,2,closer_to_player1,4,"[0.5, 0.3899260014455495, 0.27109553255567337, 0.15682682080507093]"
Human-Human,human_975b16bb-4262-4523-94e3-02521faeb953_player1,,8,1,closer_to_player1,6,"[0.5, 0.9999974897311124, 0.9999999999713998, 0.9999999999999988, 0.9999999999999991, 1.0]"
Human-Human,human_975b16bb-4262-4523-94e3-02521faeb953_player2,,8,2,closer_to_player1,10,"[0.5, 0.9900635941160947, 0.8830551469814812, 0.9212585613085259, 0.9462259317418473, 0.9622882464551489, 0.9718192339663679, 0.9843933611261015, 3.46864241337139e-29, 2.3187324153374418e-29]"
Human-Human,human_975b16bb-4262-4523-94e3-02521faeb953_player1,,9,1,closer_to_player1,2,"[0.5, 0.33347273019745544]"
Human-Human,human_975b16bb-4262-4523-94e3-02521faeb953_player2,,9,2,closer_to_player1,6,"[0.5, 0.41321189109007705, 0.2969991218682332, 2.195725346490679e-06, 3.527560152357726e-06, 0.08744450134945066]"
Human-Human,human_975b16bb-4262-4523-94e3-02521faeb953_player1,,10,1,equal_to_both,3,"[0.5, 0.9968075443740838, 0.9999823448101558]"
Human-Human,human_975b16bb-4262-4523-94e3-02521faeb953_player2,,10,2,equal_to_both,5,"[0.5, 0.9991239315740876, 0.9999984748996068, 0.999999995115584, 0.9999999999730735]"
Human-Human,human_975b16bb-4262-4523-94e3-02521faeb953_player1,,11,1,equal_to_both,5,"[0.5, 0.9982629269960908, 0.999994426274618, 0.9999999692722541, 0.9999999997251782]"
Human-Human,human_975b16bb-4262-4523-94e3-02521faeb953_player2,,11,2,equal_to_both,8,"[0.5, 0.9976367552681837, 0.9999895324446745, 0.9999999180187427, 0.9999999989033453, 0.9999999999753248, 0.9999999999989616, 0.9999999999989616]"
Human-Human,human_9efbe63f-05a0-4f24-b469-a246d7732c10_player1,,0,1,closer_to_player1,2,"[0.5, 0.5011289653933689]"
Human-Human,human_9efbe63f-05a0-4f24-b469-a246d7732c10_player2,,0,2,closer_to_player1,2,"[0.5, 0.5011289653933689]"
Human-Human,human_9efbe63f-05a0-4f24-b469-a246d7732c10_player1,,1,1,closer_to_player2,2,"[0.5, 0.9992420817358587]"
Human-Human,human_9efbe63f-05a0-4f24-b469-a246d7732c10_player2,,1,2,closer_to_player2,2,"[0.5, 0.9992420817358587]"
Human-Human,human_9efbe63f-05a0-4f24-b469-a246d7732c10_player1,,4,1,closer_to_player2,7,"[0.5, 0.5392492769421648, 0.5404956754368383, 1.0539812848124088e-33, 6.398177511451015e-39, 8.962044873529632e-36, 4.751764808975637e-33]"
Human-Human,human_9efbe63f-05a0-4f24-b469-a246d7732c10_player2,,4,2,closer_to_player2,9,"[0.5, 0.5882979622159487, 0.6670440025003109, 0.7366790919438271, 0.8607045908694557, 0.9997896978480645, 0.999999751047137, 1.9751650925029024e-24, 5.871583589293086e-22]"
Human-Human,human_9efbe63f-05a0-4f24-b469-a246d7732c10_player1,,5,1,closer_to_player1,3,"[0.5, 0.9981906641318291, 0.998713142560067]"
Human-Human,human_9efbe63f-05a0-4f24-b469-a246d7732c10_player1,,6,1,equal_to_both,10,"[0.5, 0.500001548222296, 0.5000019160001601, 0.49999399529493244, 0.49989398333881563, 0.49903259996151755, 0.9998929747145883, 0.9999999680182637, 0.9999999999762497, 0.9999999999999606]"
Human-Human,human_9efbe63f-05a0-4f24-b469-a246d7732c10_player2,,6,2,equal_to_both,10,"[0.5, 0.49996408152047517, 0.4999628423526874, 0.49995483988919276, 0.49985482189739694, 0.498993437743441, 0.9998929579496142, 0.9999999680132534, 0.9999999999762459, 0.9999999999999606]"
Human-Human,human_9efbe63f-05a0-4f24-b469-a246d7732c10_player1,,7,1,equal_to_both,5,"[0.5, 4.672715719896819e-05, 6.90075874916685e-05, 8.160741187094102e-05, 8.212825426370491e-05]"
Human-Human,human_9efbe63f-05a0-4f24-b469-a246d7732c10_player2,,7,2,equal_to_both,11,"[0.5, 0.6898095221720655, 0.8154090113521034, 0.8975178486455038, 0.9457998156200171, 0.9721584870686362, 0.9863253785680707, 0.9960086547114158, 0.9999969705429023, 0.9999999982071802, 0.9999999999984213]"
Human-Human,human_9efbe63f-05a0-4f24-b469-a246d7732c10_player1,,8,1,closer_to_player1,6,"[0.5, 0.5052696872226197, 0.5078507393723923, 0.5084950164528806, 0.5407940693458594, 0.5372703475911973]"
Human-Human,human_9efbe63f-05a0-4f24-b469-a246d7732c10_player2,,8,2,closer_to_player1,12,"[0.5, 0.49873591585844446, 0.49702962974235243, 0.49618304437596006, 0.5016779841075327, 0.6254007751032068, 0.9996846177922591, 0.9999998436215531, 0.999999999803926, 0.9999999999020138, 0.9999999999510226, 0.9999999999755188]"
Human-Human,human_9efbe63f-05a0-4f24-b469-a246d7732c10_player1,,9,1,equal_to_both,6,"[0.5, 0.33366064863125233, 0.1991800195974576, 0.08260726709484549, 0.9997956191333941, 0.9999999941509656]"
Human-Human,human_9efbe63f-05a0-4f24-b469-a246d7732c10_player2,,9,2,equal_to_both,6,"[0.5, 0.33366064863125233, 0.1991800195974576, 0.08260726709484549, 0.9997956191333941, 0.9999999941509656]"
Human-Human,human_9efbe63f-05a0-4f24-b469-a246d7732c10_player1,,11,1,closer_to_player2,8,"[0.5, 0.5088477451338363, 0.5230525307658828, 0.6583246856920854, 0.9992214486735573, 0.9999990777996299, 0.9999999986103324, 0.9999999999951665]"
Human-Human,human_9efbe63f-05a0-4f24-b469-a246d7732c10_player2,,11,2,closer_to_player2,8,"[0.5, 7.049294847512713e-06, 1.139746968313477e-10, 9.629599221422203e-08, 4.575819618668055e-05, 9.539095013034515e-08, 1.8035184477453424e-05, 1.8229441819028226e-05]"
Human-Human,human_74ea1778-cc30-4c70-92fe-ee112edef228_player1,,0,1,closer_to_player1,2,"[0.5, 0.999244725636763]"
Human-Human,human_74ea1778-cc30-4c70-92fe-ee112edef228_player2,,0,2,closer_to_player1,2,"[0.5, 0.999244725636763]"
Human-Human,human_74ea1778-cc30-4c70-92fe-ee112edef228_player1,,2,1,closer_to_player1,3,"[0.5, 4.337801423373467e-34, 2.0354352322237953e-30]"
Human-Human,human_74ea1778-cc30-4c70-92fe-ee112edef228_player2,,2,2,closer_to_player1,3,"[0.5, 4.337801423373467e-34, 8.281051716533967e-31]"
Human-Human,human_74ea1778-cc30-4c70-92fe-ee112edef228_player1,,3,1,equal_to_both,6,"[0.5, 0.5883032134536315, 0.6786834512387693, 0.7675252310212789, 0.8497719204689428, 0.9184005897099241]"
Human-Human,human_74ea1778-cc30-4c70-92fe-ee112edef228_player2,,3,2,equal_to_both,6,"[0.5, 0.5883032134536315, 0.6786834512387693, 0.7675252310212789, 0.8497719204689428, 0.9184005897099241]"
Human-Human,human_74ea1778-cc30-4c70-92fe-ee112edef228_player2,,4,2,closer_to_player2,2,"[0.5, 0.9998934536709265]"
Human-Human,human_74ea1778-cc30-4c70-92fe-ee112edef228_player1,,7,1,equal_to_both,8,"[0.5, 0.0007592852263426732, 0.6725386709107161, 0.9996314461736489, 0.9999997816834728, 0.9999999998077213, 0.9999999999996765, 0.999999999999999]"
Human-Human,human_74ea1778-cc30-4c70-92fe-ee112edef228_player2,,7,2,equal_to_both,6,"[0.5, 0.9992433595990771, 0.9999995516225576, 0.9999999996050988, 0.9999999999993355, 0.999999999999998]"
Human-Human,human_74ea1778-cc30-4c70-92fe-ee112edef228_player1,,9,1,closer_to_player1,6,"[0.5, 0.9999982433031249, 0.9999999999864595, 0.9999999999999997, 1.0, 1.0]"
Human-Human,human_74ea1778-cc30-4c70-92fe-ee112edef228_player2,,9,2,closer_to_player1,5,"[0.5, 0.9999148108369953, 0.03239898881230517, 0.9974620527564545, 0.9999994160148351]"
Human-Human,human_74ea1778-cc30-4c70-92fe-ee112edef228_player1,,10,1,equal_to_both,6,"[0.5, 0.9994184433246858, 0.9999992458060109, 0.9999999979495173, 0.9999999999887477, 0.9999999999998763]"
Human-Human,human_74ea1778-cc30-4c70-92fe-ee112edef228_player2,,10,2,equal_to_both,4,"[0.5, 0.999452932771114, 0.9999993517733627, 0.99999999848013]"
Human-Human,human_74ea1778-cc30-4c70-92fe-ee112edef228_player1,,11,1,closer_to_player2,10,"[0.5, 0.49875997925827686, 0.49800801914150933, 0.49740884084345577, 0.5028234218165908, 0.5081342871482177, 0.5895493679278514, 0.9999743619156031, 0.9999719755816915, 0.9999675742252359]"
Human-Human,human_74ea1778-cc30-4c70-92fe-ee112edef228_player2,,11,2,closer_to_player2,8,"[0.5, 0.5046524049402371, 0.5031787232258744, 0.5644907054173365, 0.5191512750958277, 0.6819747015397162, 1.8746669348531245e-33, 1.620199348060894e-33]"
Human-Human,human_b40d6c2e-46aa-4680-8f62-ef715fd65b79_player1,,0,1,closer_to_player1,6,"[0.5, 0.7046186369974908, 0.9999985289048045, 0.9999999999885042, 0.9999999999999998, 1.0]"
Human-Human,human_b40d6c2e-46aa-4680-8f62-ef715fd65b79_player2,,0,2,closer_to_player1,6,"[0.5, 0.6833597255454843, 0.7980686570410106, 0.8830887644731039, 0.958200718223772, 0.9999858546840125]"
Human-Human,human_b40d6c2e-46aa-4680-8f62-ef715fd65b79_player1,,1,1,closer_to_player2,5,"[0.5, 0.6672663818798614, 0.8006734571305922, 0.889415492410264, 0.9422871775264855]"
Human-Human,human_b40d6c2e-46aa-4680-8f62-ef715fd65b79_player2,,1,2,closer_to_player2,7,"[0.5, 1.0, 1.0, 1.0, 1.0, 1.0, 1.0]"
Human-Human,human_b40d6c2e-46aa-4680-8f62-ef715fd65b79_player1,,2,1,closer_to_player1,8,"[0.5, 0.999841390013954, 0.9999999509348235, 0.9999999750538238, 0.9999999874321673, 0.9999999937151196, 0.9999999973691285, 0.9999999999999906]"
Human-Human,human_b40d6c2e-46aa-4680-8f62-ef715fd65b79_player2,,2,2,closer_to_player1,8,"[0.5, 0.9676505921436743, 0.9798518470328567, 0.9868014720763543, 0.9913613798773205, 0.9943903944205366, 0.9964172682778586, 0.9977767275283926]"
Human-Human,human_b40d6c2e-46aa-4680-8f62-ef715fd65b79_player1,,4,1,closer_to_player2,6,"[0.5, 0.6676197570116335, 0.8011176232041927, 0.8897275024006929, 0.9417107681604, 0.9704504730455676]"
Human-Human,human_b40d6c2e-46aa-4680-8f62-ef715fd65b79_player2,,4,2,closer_to_player2,8,"[0.5, 0.9951856348684912, 0.9960726359193756, 0.9971944689863971, 1.0, 1.0, 1.0, 1.0]"
Human-Human,human_b40d6c2e-46aa-4680-8f62-ef715fd65b79_player1,,5,1,equal_to_both,5,"[0.5, 0.6649852632972655, 0.7987652001706552, 0.9046279541184827, 0.9999996300023398]"
Human-Human,human_b40d6c2e-46aa-4680-8f62-ef715fd65b79_player2,,5,2,equal_to_both,5,"[0.5, 0.6634835587819462, 0.797187983984208, 0.9035314245276342, 0.9999996231050815]"
Human-Human,human_b40d6c2e-46aa-4680-8f62-ef715fd65b79_player1,,6,1,equal_to_both,5,"[0.5, 0.6649852716395691, 0.7987652082842038, 0.9046279588332429, 0.9999996300023206]"
Human-Human,human_b40d6c2e-46aa-4680-8f62-ef715fd65b79_player2,,6,2,equal_to_both,5,"[0.5, 0.66404961337603, 0.7976086154201272, 0.9037583195270902, 0.9999996240859502]"
Human-Human,human_b40d6c2e-46aa-4680-8f62-ef715fd65b79_player1,,8,1,closer_to_player2,5,"[0.5, 0.6671268803770944, 0.804316185557167, 0.9317579297690466, 0.9999806831873603]"
Human-Human,human_b40d6c2e-46aa-4680-8f62-ef715fd65b79_player2,,8,2,closer_to_player2,5,"[0.5, 0.9999964733559243, 0.9999999999723309, 0.9999999999999993, 1.0]"
Human-Human,human_b40d6c2e-46aa-4680-8f62-ef715fd65b79_player1,,10,1,equal_to_both,5,"[0.5, 0.6649852716364618, 0.798765208280806, 0.9046279588309984, 0.9999996300023206]"
Human-Human,human_b40d6c2e-46aa-4680-8f62-ef715fd65b79_player2,,10,2,equal_to_both,5,"[0.5, 0.6640496133759207, 0.797608615419982, 0.9037583195269429, 0.9999996240859502]"
Human-Human,human_b40d6c2e-46aa-4680-8f62-ef715fd65b79_player1,,11,1,closer_to_player1,6,"[0.5, 0.9999982433029355, 0.9999999999864595, 0.9999999999999997, 1.0, 1.0]"
Human-Human,human_b40d6c2e-46aa-4680-8f62-ef715fd65b79_player2,,11,2,closer_to_player1,6,"[0.5, 0.961556305415102, 0.9793056312582574, 0.9889260998189597, 0.9941392372255878, 0.9969646961131277]"
Human-Human,human_c70d7765-1724-49bf-9fed-d8647822e9f2_player1,,0,1,closer_to_player1,8,"[0.5, 0.9999335134340794, 0.9999999858127768, 0.9999999999913882, 0.999999999999976, 1.0, 1.0, 1.0]"
Human-Human,human_c70d7765-1724-49bf-9fed-d8647822e9f2_player2,,0,2,closer_to_player1,6,"[0.5, 0.677895112128051, 0.8821019578071967, 0.9994454835903012, 0.9999985546884302, 0.9999999950674905]"
Human-Human,human_c70d7765-1724-49bf-9fed-d8647822e9f2_player1,,1,1,closer_to_player2,8,"[0.5, 0.5086330739023985, 0.5144009953963349, 0.5182012389891766, 0.523779315240367, 0.6284446765834228, 0.9999663779596422, 0.9999999928477704]"
Human-Human,human_c70d7765-1724-49bf-9fed-d8647822e9f2_player2,,1,2,closer_to_player2,5,"[0.5, 0.9999982453734293, 0.9999999999864815, 0.9999999999999997, 1.0]"
Human-Human,human_c70d7765-1724-49bf-9fed-d8647822e9f2_player1,,2,1,closer_to_player2,10,"[0.5, 0.9836831995763642, 0.999670561720642, 0.9997805961009683, 0.9998456904775778, 0.9998887846324895, 0.9999169204492766, 0.9999343365453908, 0.999943136464126, 0.9999428406769099]"
Human-Human,human_c70d7765-1724-49bf-9fed-d8647822e9f2_player2,,2,2,closer_to_player2,11,"[0.5, 0.46079117604551945, 0.4599640187499716, 1.0, 1.0, 1.0, 1.0, 1.0, 1.0, 1.0, 1.0]"
Human-Human,human_c70d7765-1724-49bf-9fed-d8647822e9f2_player1,,3,1,closer_to_player1,6,"[0.5, 0.9999968675922165, 0.9999999999602885, 0.9999999999999983, 1.0, 1.0]"
Human-Human,human_c70d7765-1724-49bf-9fed-d8647822e9f2_player2,,3,2,closer_to_player1,6,"[0.5, 0.6700649096551097, 0.8040332454827881, 0.8921690401337274, 0.9451455562265072, 0.9830028418990664]"
Human-Human,human_c70d7765-1724-49bf-9fed-d8647822e9f2_player1,,5,1,equal_to_both,5,"[0.5, 0.9999147695477882, 0.9999999805017852, 0.9999999999893289, 0.9999999999999873]"
Human-Human,human_c70d7765-1724-49bf-9fed-d8647822e9f2_player2,,5,2,equal_to_both,5,"[0.5, 0.9998424228321116, 0.9999999263938825, 0.9999999999063426, 0.9999999999996902]"
Human-Human,human_c70d7765-1724-49bf-9fed-d8647822e9f2_player1,,6,1,equal_to_both,5,"[0.5, 0.9997368674444511, 0.9999999357801926, 0.9999999999738293, 0.9999999999999777]"
Human-Human,human_c70d7765-1724-49bf-9fed-d8647822e9f2_player2,,6,2,equal_to_both,5,"[0.5, 0.9997368674444511, 0.9999999357801926, 0.9999999999738293, 0.9999999999999777]"
Human-Human,human_c70d7765-1724-49bf-9fed-d8647822e9f2_player1,,7,1,equal_to_both,7,"[0.5, 0.6280342887533569, 0.9985200309216375, 0.9999991883544507, 0.9999999990386607, 0.9999999999977459, 0.9999999999999903]"
Human-Human,human_c70d7765-1724-49bf-9fed-d8647822e9f2_player2,,7,2,equal_to_both,7,"[0.5, 0.9994278282660628, 0.9999992807254922, 0.9999999981463122, 0.9999999999906938, 0.9999999999999116, 0.9999999999999983]"
Human-Human,human_c70d7765-1724-49bf-9fed-d8647822e9f2_player1,,9,1,closer_to_player1,7,"[0.5, 0.9999397578747333, 0.9999999791808446, 0.9999999879586192, 0.9999999934387519, 0.9999999973717615, 0.9999999999999356]"
Human-Human,human_c70d7765-1724-49bf-9fed-d8647822e9f2_player2,,9,2,closer_to_player1,7,"[0.5, 0.5267113611689087, 0.5716903341044995, 0.6430300870122198, 1.0, 1.0, 1.0]"
Human-Human,human_c70d7765-1724-49bf-9fed-d8647822e9f2_player1,,10,1,closer_to_player2,3,"[0.5, 0.9999229929012321, 0.9999999930835755]"
Human-Human,human_c70d7765-1724-49bf-9fed-d8647822e9f2_player2,,10,2,closer_to_player2,8,"[0.5, 0.6253768689861122, 0.9999968927642199, 0.9999999999620461, 0.9999999999999984, 1.0, 1.5834536462614664e-11, 1.5958060829541388e-08]"
Human-Human,human_c252dec7-11a7-48c1-9696-691e0511cbc2_player1,,1,1,closer_to_player1,6,"[0.5, 0.596618297892095, 2.2351797200691217e-29, 5.966392670462445e-31, 6.9417786206501125e-31, 6.891426835954729e-31]"
Human-Human,human_c252dec7-11a7-48c1-9696-691e0511cbc2_player2,,1,2,closer_to_player1,6,"[0.5, 0.3896455218697134, 0.27077504321235796, 0.15659382925611462, 8.042435425233607e-35, 0.08424664677439203]"
Human-Human,human_c252dec7-11a7-48c1-9696-691e0511cbc2_player1,,3,1,equal_to_both,6,"[0.5, 0.9983202552670035, 0.9999948216319096, 0.9999999727034896, 0.9999999997678242, 0.9999999999969645]"
Human-Human,human_c252dec7-11a7-48c1-9696-691e0511cbc2_player2,,3,2,equal_to_both,8,"[0.5, 0.9992113757914729, 0.9999986478381098, 0.9999999953666084, 0.9999999999705252, 0.9999999999996718, 0.9999999999999933, 0.9999999999999999]"
Human-Human,human_c252dec7-11a7-48c1-9696-691e0511cbc2_player1,,4,1,closer_to_player1,6,"[0.5, 3.8808611323412144e-05, 0.04566895726275974, 0.9626602679091426, 0.9998436466810183, 0.9999986588888521]"
Human-Human,human_c252dec7-11a7-48c1-9696-691e0511cbc2_player2,,4,2,closer_to_player1,10,"[0.5, 0.9999355621661618, 0.9999999865750635, 0.9999220923868805, 0.9999999837685598, 0.9999999999904453, 0.9999999999999859, 1.0, 1.0, 1.0]"
Human-Human,human_c252dec7-11a7-48c1-9696-691e0511cbc2_player1,,5,1,closer_to_player2,4,"[0.5, 0.9999922955711128, 0.9999999997862127, 0.9999999999999818]"
Human-Human,human_c252dec7-11a7-48c1-9696-691e0511cbc2_player2,,5,2,closer_to_player2,6,"[0.5, 1.0, 1.0, 1.0, 1.0, 1.0]"
Human-Human,human_c252dec7-11a7-48c1-9696-691e0511cbc2_player1,,7,1,equal_to_both,7,"[0.5, 0.9992298022396772, 0.9999986913356232, 0.999999995453156, 0.9999999999694374, 0.9999999999996155, 0.9999999999999903]"
Human-Human,human_c252dec7-11a7-48c1-9696-691e0511cbc2_player2,,7,2,equal_to_both,7,"[0.5, 0.9992298022261593, 0.9999986913355722, 0.9999999954531558, 0.9999999999694374, 0.9999999999996155, 0.9999999999999903]"
Human-Human,human_c252dec7-11a7-48c1-9696-691e0511cbc2_player1,,8,1,closer_to_player2,7,"[0.5, 0.9997045221791341, 0.999999760771737, 3.6852381624733715e-27, 1.2977074280588603e-32, 4.390596832256292e-29, 5.424556035158578e-26]"
Human-Human,human_c252dec7-11a7-48c1-9696-691e0511cbc2_player2,,8,2,closer_to_player2,7,"[0.5, 0.5057780353796273, 1.0, 1.0, 1.0, 1.0, 1.0]"
Human-Human,human_c252dec7-11a7-48c1-9696-691e0511cbc2_player1,,9,1,closer_to_player1,6,"[0.5, 0.9999980067128219, 0.999999999982316, 0.9999999999999994, 1.0, 1.0]"
Human-Human,human_c252dec7-11a7-48c1-9696-691e0511cbc2_player2,,9,2,closer_to_player1,6,"[0.5, 0.9996416017540549, 0.9999996615812563, 0.999749535885247, 0.999998820938336, 0.9999994256468618]"
Human-Human,human_c252dec7-11a7-48c1-9696-691e0511cbc2_player1,,11,1,closer_to_player2,7,"[0.5, 0.9999684194224217, 0.9999999970242587, 0.9999999999992415, 0.9999999999999994, 1.0, 1.0]"
Human-Human,human_c252dec7-11a7-48c1-9696-691e0511cbc2_player2,,11,2,closer_to_player2,7,"[0.5, 0.5739951189772267, 0.9999905658527231, 0.9999999995359897, 0.9999999999999225, 1.0, 1.0]"
Human-Human,human_2ed9e54f-be52-49b9-a758-abb5f5ef5150_player1,,0,1,equal_to_both,12,"[0.5, 0.9829791595151947, 0.9995449532180384, 0.9995600174990711, 0.9999885224876226, 0.9999889499042414, 0.9999997124136649, 0.9999997276118375, 0.999999992818426, 0.9999999946468567, 0.9999999957949792, 0.9999999998946596]"
Human-Human,human_2ed9e54f-be52-49b9-a758-abb5f5ef5150_player2,,0,2,equal_to_both,12,"[0.5, 0.5001368753055946, 0.9893305671509528, 0.9998127628901718, 0.9998203835824411, 0.9998234188989296, 0.9999981322068872, 0.99999817117931, 0.9999982701090439, 0.999999988372183, 0.9999999920335119, 0.9999999999502373]"
Human-Human,human_2ed9e54f-be52-49b9-a758-abb5f5ef5150_player1,,1,1,closer_to_player1,11,"[0.5, 0.9982502106006305, 0.9982567734780864, 0.9999970070401882, 0.9999970219347876, 0.999999994773678, 0.9999999950653837, 0.9999999999882316, 0.9999999999947584, 0.9999999999999793, 0.9999999999999998]"
Human-Human,human_2ed9e54f-be52-49b9-a758-abb5f5ef5150_player2,,1,2,closer_to_player1,15,"[0.5, 0.5004561656382853, 0.9895218832440765, 0.9896650832700573, 0.9998897604515317, 0.9998915912600037, 0.9999988569381087, 0.999998883703296, 0.9999988952108567, 0.9999986845919753, 0.9999999977122579, 4.0285862053210787e-25, 8.616379041920297e-23, 1.2216225349148465e-53, 8.560830210546577e-54]"
Human-Human,human_2ed9e54f-be52-49b9-a758-abb5f5ef5150_player1,,2,1,closer_to_player2,11,"[0.5, 0.9830234984566303, 0.9833550535797189, 0.99971112969668, 0.9997184781758867, 0.9997231573617723, 0.9997259811019935, 0.999998324528353, 0.9999999820609725, 0.99999998486053, 0.9999999850366432]"
Human-Human,human_2ed9e54f-be52-49b9-a758-abb5f5ef5150_player2,,2,2,closer_to_player2,11,"[0.5, 0.9999546596314398, 0.9999999939975067, 0.9999999940734222, 0.9999999999989886, 0.9999999999993888, 0.9999999999999999, 1.0, 1.0, 1.0, 1.0]"
Human-Human,human_2ed9e54f-be52-49b9-a758-abb5f5ef5150_player1,,3,1,closer_to_player2,13,"[0.5, 0.29449757069785926, 0.9802370371423533, 0.9715283339663533, 0.9999235501075848, 0.9999205689875915, 0.9999998598498062, 0.9999998600347754, 0.9999999997609234, 0.9999999997633584, 0.9999999999995897, 0.9999999999996482, 0.9999999999999992]"
Human-Human,human_2ed9e54f-be52-49b9-a758-abb5f5ef5150_player2,,3,2,closer_to_player2,13,"[0.5, 0.28207658595826823, 0.999603508352351, 0.9999999282815709, 0.9999999999749075, 0.9999999999748913, 0.9999999999999915, 0.9999999999999918, 1.0, 1.0, 1.0, 1.0, 1.0]"
Human-Human,human_2ed9e54f-be52-49b9-a758-abb5f5ef5150_player1,,4,1,equal_to_both,13,"[0.5, 0.9929559520082939, 0.9921882995457435, 0.9999507545530708, 0.9999509508437643, 0.9999996970834513, 0.9999997001122115, 0.9999999981518678, 0.9999999981990971, 0.9999999999887248, 0.9999999999912907, 0.9999999999999224, 0.9999999999999611]"
Human-Human,human_2ed9e54f-be52-49b9-a758-abb5f5ef5150_player2,,4,2,equal_to_both,15,"[0.5, 0.45132759978730663, 0.43885730799099676, 0.4324649174835118, 0.9998263428231291, 0.9999999408447932, 0.9999999999528083, 0.9999999999999194, 0.9999999999999211, 0.9999999999999242, 0.9999999999999563, 0.9999999999999999, 1.0, 7.672040388217577e-12, 1.9535818117053207e-09]"
Human-Human,human_2ed9e54f-be52-49b9-a758-abb5f5ef5150_player1,,5,1,closer_to_player1,11,"[0.5, 0.3295196817863539, 0.9989287611387646, 0.9985011219682874, 0.9999997313212488, 0.9999997271759844, 0.9999999999640993, 0.9999999999643452, 0.9999999999999953, 0.999999999999996, 1.0]"
Human-Human,human_2ed9e54f-be52-49b9-a758-abb5f5ef5150_player2,,5,2,closer_to_player1,10,"[0.5, 0.9959424579835304, 0.9961808880895824, 0.9999865592608436, 0.9999904326966181, 0.9999930450128679, 0.9999999819853466, 0.9999999909842497, 0.9999999954932227, 0.9999999977977455]"
Human-Human,human_2ed9e54f-be52-49b9-a758-abb5f5ef5150_player1,,7,1,closer_to_player2,12,"[0.5, 0.41551936598859873, 0.3350023892262995, 0.469501385647254, 0.9817977054111079, 0.9743747468402519, 0.999863526718142, 0.9998582066203454, 0.9999995054680918, 0.9999995068929705, 0.9999999985206449, 0.9999999985150094]"
Human-Human,human_2ed9e54f-be52-49b9-a758-abb5f5ef5150_player2,,7,2,closer_to_player2,14,"[0.5, 0.49324836951590256, 1.0, 1.0, 1.0, 1.0, 1.0, 1.0, 1.0, 1.0, 1.0, 1.0, 1.0, 1.0]"
Human-Human,human_2ed9e54f-be52-49b9-a758-abb5f5ef5150_player1,,8,1,closer_to_player1,9,"[0.5, 0.9998290691289703, 0.9998966622763944, 0.9999999779491755, 0.9999999999671292, 0.9999999999999638, 1.0, 1.0, 1.0]"
Human-Human,human_2ed9e54f-be52-49b9-a758-abb5f5ef5150_player2,,8,2,closer_to_player1,9,"[0.5, 0.5009252518688512, 0.5011882339894792, 0.9967384415865476, 0.9999801762280858, 0.9999802354839733, 0.9999999049635376, 0.999999999141462, 0.9999999991516976]"
Human-Human,human_2ed9e54f-be52-49b9-a758-abb5f5ef5150_player1,,11,1,equal_to_both,11,"[0.5, 0.9886510412837684, 0.9893737723384219, 0.9998844330643354, 0.9998883470322556, 0.9999988162347946, 0.9999988433456531, 0.9999999873320949, 0.9999999882390883, 0.9999999998520017, 0.9999999999138318]"
Human-Human,human_2ed9e54f-be52-49b9-a758-abb5f5ef5150_player2,,11,2,equal_to_both,11,"[0.5, 0.9894609058699039, 0.9998177897591819, 0.9998219325401534, 0.9999969658392961, 0.9999970443774483, 0.9999999495362072, 0.999999951443158, 0.9999999991313115, 0.9999999993176246, 0.9999999999829057]"
Human-Human,human_bf70b991-4d12-4b4f-9ce5-57687e7d0c35_player1,,0,1,closer_to_player2,2,"[0.5, 0.9997713402660804]"
Human-Human,human_bf70b991-4d12-4b4f-9ce5-57687e7d0c35_player2,,0,2,closer_to_player2,4,"[0.5, 1.7566968698489216e-06, 0.009496190977742363, 0.9413356870737655]"
Human-Human,human_bf70b991-4d12-4b4f-9ce5-57687e7d0c35_player1,,1,1,closer_to_player2,5,"[0.5, 0.4544489635736849, 5.890346519301407e-06, 0.04970219946136244, 0.9934633886261862]"
Human-Human,human_bf70b991-4d12-4b4f-9ce5-57687e7d0c35_player2,,1,2,closer_to_player2,6,"[0.5, 0.9999949795011723, 0.9999999999419843, 0.9999999999999979, 1.0, 1.0]"
Human-Human,human_bf70b991-4d12-4b4f-9ce5-57687e7d0c35_player1,,2,1,equal_to_both,6,"[0.5, 0.40771655042134974, 0.6165824883983917, 0.9992638296075667, 0.9999992503266011, 0.999999998679717]"
Human-Human,human_bf70b991-4d12-4b4f-9ce5-57687e7d0c35_player2,,2,2,equal_to_both,6,"[0.5, 0.01858295388763854, 0.013176707155753671, 0.009251443252925382, 0.005473252612552836, 0.9575863818040488]"
Human-Human,human_bf70b991-4d12-4b4f-9ce5-57687e7d0c35_player1,,3,1,closer_to_player1,2,"[0.5, 0.9999106674736381]"
Human-Human,human_bf70b991-4d12-4b4f-9ce5-57687e7d0c35_player2,,3,2,closer_to_player1,4,"[0.5, 0.41321189420242876, 0.2969991262860261, 0.9997885745434856]"
Human-Human,human_bf70b991-4d12-4b4f-9ce5-57687e7d0c35_player1,,5,1,equal_to_both,5,"[0.5, 0.9998225208580137, 0.9999999389467269, 0.999999999940927, 0.9999999999999477]"
Human-Human,human_bf70b991-4d12-4b4f-9ce5-57687e7d0c35_player2,,5,2,equal_to_both,5,"[0.5, 0.9999106113207938, 0.999999984591759, 0.999999999993864, 0.9999999999999948]"
Human-Human,human_bf70b991-4d12-4b4f-9ce5-57687e7d0c35_player1,,6,1,closer_to_player1,6,"[0.5, 0.9999964916993413, 0.9999970851794879, 0.9999999999795464, 0.9999999999999996, 1.0]"
Human-Human,human_bf70b991-4d12-4b4f-9ce5-57687e7d0c35_player2,,6,2,closer_to_player1,6,"[0.5, 0.583474382160291, 0.6600933104626241, 0.5008003805977006, 0.7552768046075258, 0.9999751194484486]"
Human-Human,human_bf70b991-4d12-4b4f-9ce5-57687e7d0c35_player1,,7,1,equal_to_both,6,"[0.5, 0.6268816721975845, 0.45490145217343275, 0.999855790075925, 0.9999999770961712, 0.9999999999867627]"
Human-Human,human_bf70b991-4d12-4b4f-9ce5-57687e7d0c35_player2,,7,2,equal_to_both,6,"[0.5, 0.666339343746762, 0.8008199724653162, 0.9173927241031293, 0.9999983403778612, 0.9999999999513874]"
Human-Human,human_bf70b991-4d12-4b4f-9ce5-57687e7d0c35_player1,,8,1,closer_to_player2,4,"[0.5, 0.49999569973771896, 0.4561430858498951, 0.9999669141382568]"
Human-Human,human_bf70b991-4d12-4b4f-9ce5-57687e7d0c35_player2,,8,2,closer_to_player2,8,"[0.5, 0.999994979502323, 0.9999999999419843, 0.9999999999999979, 1.0, 1.0, 1.7059743043435247e-08, 1.8345131145868098e-08]"
Human-Human,human_bf70b991-4d12-4b4f-9ce5-57687e7d0c35_player1,,11,1,closer_to_player1,4,"[0.5, 3.4834498303794865e-06, 0.0828414741389736, 0.9985468130767478]"
Human-Human,human_bf70b991-4d12-4b4f-9ce5-57687e7d0c35_player2,,11,2,closer_to_player1,2,"[0.5, 0.5847925069956577]"
