participantId,group,posterior,plotGroup
always_committed_session_0_player1,sampleJointGoal_fromStart,0.6271440427831357,"sampleJointGoal
fromStart"
always_committed_session_0_player2,sampleJointGoal_fromStart,0.6748945160444081,"sampleJointGoal
fromStart"
always_committed_session_10_player1,sampleJointGoal_fromStart,0.6284606761071085,"sampleJointGoal
fromStart"
always_committed_session_10_player2,sampleJointGoal_fromStart,0.6948013814908786,"sampleJointGoal
fromStart"
always_committed_session_11_player1,sampleJointGoal_fromStart,0.835592956122619,"sampleJointGoal
fromStart"
always_committed_session_11_player2,sampleJointGoal_fromStart,0.8741590946787663,"sampleJointGoal
fromStart"
always_committed_session_12_player1,sampleJointGoal_fromStart,0.732474180854766,"sampleJointGoal
fromStart"
always_committed_session_12_player2,sampleJointGoal_fromStart,0.6827930347011395,"sampleJointGoal
fromStart"
always_committed_session_13_player1,sampleJointGoal_fromStart,0.8406345035077493,"sampleJointGoal
fromStart"
always_committed_session_13_player2,sampleJointGoal_fromStart,0.8206981436110894,"sampleJointGoal
fromStart"
always_committed_session_14_player1,sampleJointGoal_fromStart,0.8905945341595328,"sampleJointGoal
fromStart"
always_committed_session_14_player2,sampleJointGoal_fromStart,0.8785167734693848,"sampleJointGoal
fromStart"
always_committed_session_15_player1,sampleJointGoal_fromStart,0.6627228350620825,"sampleJointGoal
fromStart"
always_committed_session_15_player2,sampleJointGoal_fromStart,0.6880633726393556,"sampleJointGoal
fromStart"
always_committed_session_16_player1,sampleJointGoal_fromStart,0.7902718892705324,"sampleJointGoal
fromStart"
always_committed_session_16_player2,sampleJointGoal_fromStart,0.6572448944496002,"sampleJointGoal
fromStart"
always_committed_session_17_player1,sampleJointGoal_fromStart,0.754158665031301,"sampleJointGoal
fromStart"
always_committed_session_17_player2,sampleJointGoal_fromStart,0.8075782704900211,"sampleJointGoal
fromStart"
always_committed_session_18_player1,sampleJointGoal_fromStart,0.6856329592560417,"sampleJointGoal
fromStart"
always_committed_session_18_player2,sampleJointGoal_fromStart,0.7845643976634572,"sampleJointGoal
fromStart"
always_committed_session_19_player1,sampleJointGoal_fromStart,0.8304227613748966,"sampleJointGoal
fromStart"
always_committed_session_19_player2,sampleJointGoal_fromStart,0.8109421466800347,"sampleJointGoal
fromStart"
always_committed_session_1_player1,sampleJointGoal_fromStart,0.7480574682914393,"sampleJointGoal
fromStart"
always_committed_session_1_player2,sampleJointGoal_fromStart,0.7784387426313467,"sampleJointGoal
fromStart"
always_committed_session_20_player1,sampleJointGoal_fromStart,0.7998648717286906,"sampleJointGoal
fromStart"
always_committed_session_20_player2,sampleJointGoal_fromStart,0.7832212400201466,"sampleJointGoal
fromStart"
always_committed_session_21_player1,sampleJointGoal_fromStart,0.7714119208123486,"sampleJointGoal
fromStart"
always_committed_session_21_player2,sampleJointGoal_fromStart,0.8335622764771459,"sampleJointGoal
fromStart"
always_committed_session_22_player1,sampleJointGoal_fromStart,0.6529166119069526,"sampleJointGoal
fromStart"
always_committed_session_22_player2,sampleJointGoal_fromStart,0.5763841160634025,"sampleJointGoal
fromStart"
always_committed_session_23_player1,sampleJointGoal_fromStart,0.6919510094038749,"sampleJointGoal
fromStart"
always_committed_session_23_player2,sampleJointGoal_fromStart,0.7447056313403314,"sampleJointGoal
fromStart"
always_committed_session_24_player1,sampleJointGoal_fromStart,0.7664010734165975,"sampleJointGoal
fromStart"
always_committed_session_24_player2,sampleJointGoal_fromStart,0.7590383221003055,"sampleJointGoal
fromStart"
always_committed_session_25_player1,sampleJointGoal_fromStart,0.6187118357679661,"sampleJointGoal
fromStart"
always_committed_session_25_player2,sampleJointGoal_fromStart,0.7253504381158145,"sampleJointGoal
fromStart"
always_committed_session_26_player1,sampleJointGoal_fromStart,0.8473862672578741,"sampleJointGoal
fromStart"
always_committed_session_26_player2,sampleJointGoal_fromStart,0.80130587544169,"sampleJointGoal
fromStart"
always_committed_session_27_player1,sampleJointGoal_fromStart,0.7232048524346993,"sampleJointGoal
fromStart"
always_committed_session_27_player2,sampleJointGoal_fromStart,0.6620976173757898,"sampleJointGoal
fromStart"
always_committed_session_28_player1,sampleJointGoal_fromStart,0.82743289516135,"sampleJointGoal
fromStart"
always_committed_session_28_player2,sampleJointGoal_fromStart,0.7843370282472578,"sampleJointGoal
fromStart"
always_committed_session_29_player1,sampleJointGoal_fromStart,0.7731476861620813,"sampleJointGoal
fromStart"
always_committed_session_29_player2,sampleJointGoal_fromStart,0.7658563386851999,"sampleJointGoal
fromStart"
always_committed_session_2_player1,sampleJointGoal_fromStart,0.7126745717184798,"sampleJointGoal
fromStart"
always_committed_session_2_player2,sampleJointGoal_fromStart,0.6921296862951803,"sampleJointGoal
fromStart"
always_committed_session_3_player1,sampleJointGoal_fromStart,0.7712086157838947,"sampleJointGoal
fromStart"
always_committed_session_3_player2,sampleJointGoal_fromStart,0.7387316444877724,"sampleJointGoal
fromStart"
always_committed_session_4_player1,sampleJointGoal_fromStart,0.6908323839873362,"sampleJointGoal
fromStart"
always_committed_session_4_player2,sampleJointGoal_fromStart,0.7192821112662325,"sampleJointGoal
fromStart"
always_committed_session_5_player1,sampleJointGoal_fromStart,0.7503803492218694,"sampleJointGoal
fromStart"
always_committed_session_5_player2,sampleJointGoal_fromStart,0.6843197213847088,"sampleJointGoal
fromStart"
always_committed_session_6_player1,sampleJointGoal_fromStart,0.7692313416360567,"sampleJointGoal
fromStart"
always_committed_session_6_player2,sampleJointGoal_fromStart,0.7762134089034354,"sampleJointGoal
fromStart"
always_committed_session_7_player1,sampleJointGoal_fromStart,0.8424997153551163,"sampleJointGoal
fromStart"
always_committed_session_7_player2,sampleJointGoal_fromStart,0.7885672571947162,"sampleJointGoal
fromStart"
always_committed_session_8_player1,sampleJointGoal_fromStart,0.6129651654959809,"sampleJointGoal
fromStart"
always_committed_session_8_player2,sampleJointGoal_fromStart,0.6521058704378007,"sampleJointGoal
fromStart"
always_committed_session_9_player1,sampleJointGoal_fromStart,0.7715977828249407,"sampleJointGoal
fromStart"
always_committed_session_9_player2,sampleJointGoal_fromStart,0.6582177358407332,"sampleJointGoal
fromStart"
human_1d1f4cf9-e5f0-4ef5-8d74-ab6b134f25eb_player1,Human-Human,0.6947823770990483,Human-Human
human_1d1f4cf9-e5f0-4ef5-8d74-ab6b134f25eb_player2,Human-Human,0.756513813986405,Human-Human
human_2ed9e54f-be52-49b9-a758-abb5f5ef5150_player1,Human-Human,0.8547391366377344,Human-Human
human_2ed9e54f-be52-49b9-a758-abb5f5ef5150_player2,Human-Human,0.8249205185364219,Human-Human
human_31e13002-490a-484d-a0f6-1781673d477a_player1,Human-Human,0.8869943560811028,Human-Human
human_31e13002-490a-484d-a0f6-1781673d477a_player2,Human-Human,0.9027749588850881,Human-Human
human_6558f174-56b6-4592-b53b-bf9ff8c7f3ca_player1,Human-Human,0.6967745165141962,Human-Human
human_6558f174-56b6-4592-b53b-bf9ff8c7f3ca_player2,Human-Human,0.8943915765718597,Human-Human
human_6b3ca33d-6a91-4de7-aaef-b55bcb13d712_player1,Human-Human,0.715740136864676,Human-Human
human_6b3ca33d-6a91-4de7-aaef-b55bcb13d712_player2,Human-Human,0.716753596315283,Human-Human
human_74ea1778-cc30-4c70-92fe-ee112edef228_player1,Human-Human,0.7223434578981623,Human-Human
human_74ea1778-cc30-4c70-92fe-ee112edef228_player2,Human-Human,0.7286610229710687,Human-Human
human_975b16bb-4262-4523-94e3-02521faeb953_player1,Human-Human,0.7225362004478976,Human-Human
human_975b16bb-4262-4523-94e3-02521faeb953_player2,Human-Human,0.73635359147888,Human-Human
human_9efbe63f-05a0-4f24-b469-a246d7732c10_player1,Human-Human,0.48589597157907033,Human-Human
human_9efbe63f-05a0-4f24-b469-a246d7732c10_player2,Human-Human,0.5383034289208375,Human-Human
human_a5a659ea-c541-4c54-9bad-d736222acbb9_player1,Human-Human,0.8324211851106694,Human-Human
human_a5a659ea-c541-4c54-9bad-d736222acbb9_player2,Human-Human,0.8979320393551568,Human-Human
human_a9a91c71-c38b-4e78-9be4-3c2f5c450004_player1,Human-Human,0.8564154449097847,Human-Human
human_a9a91c71-c38b-4e78-9be4-3c2f5c450004_player2,Human-Human,0.7029127933894707,Human-Human
human_b40d6c2e-46aa-4680-8f62-ef715fd65b79_player1,Human-Human,0.8378908201211105,Human-Human
human_b40d6c2e-46aa-4680-8f62-ef715fd65b79_player2,Human-Human,0.8655594125896794,Human-Human
human_bf70b991-4d12-4b4f-9ce5-57687e7d0c35_player1,Human-Human,0.7572955643221609,Human-Human
human_bf70b991-4d12-4b4f-9ce5-57687e7d0c35_player2,Human-Human,0.7106265753822111,Human-Human
human_c252dec7-11a7-48c1-9696-691e0511cbc2_player1,Human-Human,0.7089705016211832,Human-Human
human_c252dec7-11a7-48c1-9696-691e0511cbc2_player2,Human-Human,0.812056457072943,Human-Human
human_c70d7765-1724-49bf-9fed-d8647822e9f2_player1,Human-Human,0.8610498841112967,Human-Human
human_c70d7765-1724-49bf-9fed-d8647822e9f2_player2,Human-Human,0.8450356177550788,Human-Human
human_cb6a41aa-0534-4a15-86a4-80d9c232a01e_player1,Human-Human,0.7794145339258053,Human-Human
human_cb6a41aa-0534-4a15-86a4-80d9c232a01e_player2,Human-Human,0.781737136009543,Human-Human
human_dbe27c5c-9678-4808-9506-13690c5d442a_player1,Human-Human,0.8732029708643448,Human-Human
human_dbe27c5c-9678-4808-9506-13690c5d442a_player2,Human-Human,0.7045623568536143,Human-Human
session_0_player1,TwoStageSignalAgent_sigmoidThreshold,0.7678676287438845,"TwoStageSignal
sigmoidThreshold"
session_0_player1,sampleJointGoalAndRSASignal_fromStart,0.7343666847957079,"shared-agency
communicative
action mixture
fromStart"
session_0_player1,sampleJointGoalAndSignal_afterNewGoal,0.7004943699791292,"sampleJointGoal+Signal
afterNewGoal"
session_0_player1,sampleJointGoalAndSignal_fromStart,0.8227589098510953,"sampleJointGoal+Signal
fromStart"
session_0_player1,sampleJointGoal_afterNewGoal,0.726484273653215,"sampleJointGoal
afterNewGoal"
session_0_player1,samplePosteriorOnlyGoalAndSignal_fromStart,0.7971843853789885,"samplePosteriorOnlyGoal+Signal
fromStart"
session_0_player2,TwoStageSignalAgent_sigmoidThreshold,0.7570677075788588,"TwoStageSignal
sigmoidThreshold"
session_0_player2,sampleJointGoalAndRSASignal_fromStart,0.6381952971384003,"shared-agency
communicative
action mixture
fromStart"
session_0_player2,sampleJointGoalAndSignal_afterNewGoal,0.7329706177119507,"sampleJointGoal+Signal
afterNewGoal"
session_0_player2,sampleJointGoalAndSignal_fromStart,0.843871363925448,"sampleJointGoal+Signal
fromStart"
session_0_player2,sampleJointGoal_afterNewGoal,0.6791939875030041,"sampleJointGoal
afterNewGoal"
session_0_player2,samplePosteriorOnlyGoalAndSignal_fromStart,0.7984007805876617,"samplePosteriorOnlyGoal+Signal
fromStart"
session_10_player1,TwoStageSignalAgent_sigmoidThreshold,0.8023790034700541,"TwoStageSignal
sigmoidThreshold"
session_10_player1,sampleJointGoalAndRSASignal_fromStart,0.6838192558259605,"shared-agency
communicative
action mixture
fromStart"
session_10_player1,sampleJointGoalAndSignal_afterNewGoal,0.8640677859183207,"sampleJointGoal+Signal
afterNewGoal"
session_10_player1,sampleJointGoalAndSignal_fromStart,0.7172239706710393,"sampleJointGoal+Signal
fromStart"
session_10_player1,sampleJointGoal_afterNewGoal,0.7449494270088879,"sampleJointGoal
afterNewGoal"
session_10_player1,samplePosteriorOnlyGoalAndSignal_fromStart,0.8095707027117814,"samplePosteriorOnlyGoal+Signal
fromStart"
session_10_player2,TwoStageSignalAgent_sigmoidThreshold,0.75075063176365,"TwoStageSignal
sigmoidThreshold"
session_10_player2,sampleJointGoalAndRSASignal_fromStart,0.5913378606754308,"shared-agency
communicative
action mixture
fromStart"
session_10_player2,sampleJointGoalAndSignal_afterNewGoal,0.7551407323183437,"sampleJointGoal+Signal
afterNewGoal"
session_10_player2,sampleJointGoalAndSignal_fromStart,0.7089492869665177,"sampleJointGoal+Signal
fromStart"
session_10_player2,sampleJointGoal_afterNewGoal,0.7420366307174678,"sampleJointGoal
afterNewGoal"
session_10_player2,samplePosteriorOnlyGoalAndSignal_fromStart,0.6836668265149671,"samplePosteriorOnlyGoal+Signal
fromStart"
session_11_player1,TwoStageSignalAgent_sigmoidThreshold,0.7491033972160995,"TwoStageSignal
sigmoidThreshold"
session_11_player1,sampleJointGoalAndRSASignal_fromStart,0.7089986530698852,"shared-agency
communicative
action mixture
fromStart"
session_11_player1,sampleJointGoalAndSignal_afterNewGoal,0.7505453605399696,"sampleJointGoal+Signal
afterNewGoal"
session_11_player1,sampleJointGoalAndSignal_fromStart,0.7069134010182726,"sampleJointGoal+Signal
fromStart"
session_11_player1,sampleJointGoal_afterNewGoal,0.7121319856727647,"sampleJointGoal
afterNewGoal"
session_11_player1,samplePosteriorOnlyGoalAndSignal_fromStart,0.7475830367580918,"samplePosteriorOnlyGoal+Signal
fromStart"
session_11_player2,TwoStageSignalAgent_sigmoidThreshold,0.7518496973079866,"TwoStageSignal
sigmoidThreshold"
session_11_player2,sampleJointGoalAndRSASignal_fromStart,0.9147280983988483,"shared-agency
communicative
action mixture
fromStart"
session_11_player2,sampleJointGoalAndSignal_afterNewGoal,0.784069863572059,"sampleJointGoal+Signal
afterNewGoal"
session_11_player2,sampleJointGoalAndSignal_fromStart,0.7954005952734482,"sampleJointGoal+Signal
fromStart"
session_11_player2,sampleJointGoal_afterNewGoal,0.714438174611227,"sampleJointGoal
afterNewGoal"
session_11_player2,samplePosteriorOnlyGoalAndSignal_fromStart,0.7736033639061702,"samplePosteriorOnlyGoal+Signal
fromStart"
session_12_player1,TwoStageSignalAgent_sigmoidThreshold,0.7763166726432514,"TwoStageSignal
sigmoidThreshold"
session_12_player1,sampleJointGoalAndRSASignal_fromStart,0.7950034361299051,"shared-agency
communicative
action mixture
fromStart"
session_12_player1,sampleJointGoalAndSignal_afterNewGoal,0.7571023080635365,"sampleJointGoal+Signal
afterNewGoal"
session_12_player1,sampleJointGoalAndSignal_fromStart,0.814436556899819,"sampleJointGoal+Signal
fromStart"
session_12_player1,sampleJointGoal_afterNewGoal,0.7648686814900056,"sampleJointGoal
afterNewGoal"
session_12_player1,samplePosteriorOnlyGoalAndSignal_fromStart,0.7011271964501864,"samplePosteriorOnlyGoal+Signal
fromStart"
session_12_player2,TwoStageSignalAgent_sigmoidThreshold,0.7210268663209772,"TwoStageSignal
sigmoidThreshold"
session_12_player2,sampleJointGoalAndRSASignal_fromStart,0.7161823591150518,"shared-agency
communicative
action mixture
fromStart"
session_12_player2,sampleJointGoalAndSignal_afterNewGoal,0.7783341382057394,"sampleJointGoal+Signal
afterNewGoal"
session_12_player2,sampleJointGoalAndSignal_fromStart,0.702034326724961,"sampleJointGoal+Signal
fromStart"
session_12_player2,sampleJointGoal_afterNewGoal,0.6977686314576088,"sampleJointGoal
afterNewGoal"
session_12_player2,samplePosteriorOnlyGoalAndSignal_fromStart,0.7793289382648357,"samplePosteriorOnlyGoal+Signal
fromStart"
session_13_player1,TwoStageSignalAgent_sigmoidThreshold,0.7625126717567361,"TwoStageSignal
sigmoidThreshold"
session_13_player1,sampleJointGoalAndRSASignal_fromStart,0.6259266291112544,"shared-agency
communicative
action mixture
fromStart"
session_13_player1,sampleJointGoalAndSignal_afterNewGoal,0.8243415560261321,"sampleJointGoal+Signal
afterNewGoal"
session_13_player1,sampleJointGoalAndSignal_fromStart,0.6584192580890774,"sampleJointGoal+Signal
fromStart"
session_13_player1,sampleJointGoal_afterNewGoal,0.6491913956841363,"sampleJointGoal
afterNewGoal"
session_13_player1,samplePosteriorOnlyGoalAndSignal_fromStart,0.8339061625162394,"samplePosteriorOnlyGoal+Signal
fromStart"
session_13_player2,TwoStageSignalAgent_sigmoidThreshold,0.7636177979588039,"TwoStageSignal
sigmoidThreshold"
session_13_player2,sampleJointGoalAndRSASignal_fromStart,0.8245377261639973,"shared-agency
communicative
action mixture
fromStart"
session_13_player2,sampleJointGoalAndSignal_afterNewGoal,0.7116514435690613,"sampleJointGoal+Signal
afterNewGoal"
session_13_player2,sampleJointGoalAndSignal_fromStart,0.6608242523990387,"sampleJointGoal+Signal
fromStart"
session_13_player2,sampleJointGoal_afterNewGoal,0.6740684997841345,"sampleJointGoal
afterNewGoal"
session_13_player2,samplePosteriorOnlyGoalAndSignal_fromStart,0.8449564129099495,"samplePosteriorOnlyGoal+Signal
fromStart"
session_14_player1,TwoStageSignalAgent_sigmoidThreshold,0.7638002941410028,"TwoStageSignal
sigmoidThreshold"
session_14_player1,sampleJointGoalAndRSASignal_fromStart,0.7679819550628681,"shared-agency
communicative
action mixture
fromStart"
session_14_player1,sampleJointGoalAndSignal_afterNewGoal,0.8974458021197206,"sampleJointGoal+Signal
afterNewGoal"
session_14_player1,sampleJointGoalAndSignal_fromStart,0.8848805236619572,"sampleJointGoal+Signal
fromStart"
session_14_player1,sampleJointGoal_afterNewGoal,0.7826563740203185,"sampleJointGoal
afterNewGoal"
session_14_player1,samplePosteriorOnlyGoalAndSignal_fromStart,0.7874986612334641,"samplePosteriorOnlyGoal+Signal
fromStart"
session_14_player2,TwoStageSignalAgent_sigmoidThreshold,0.6919269951641166,"TwoStageSignal
sigmoidThreshold"
session_14_player2,sampleJointGoalAndRSASignal_fromStart,0.7692541576626407,"shared-agency
communicative
action mixture
fromStart"
session_14_player2,sampleJointGoalAndSignal_afterNewGoal,0.8061898893216727,"sampleJointGoal+Signal
afterNewGoal"
session_14_player2,sampleJointGoalAndSignal_fromStart,0.7957168718835441,"sampleJointGoal+Signal
fromStart"
session_14_player2,sampleJointGoal_afterNewGoal,0.7122328084798178,"sampleJointGoal
afterNewGoal"
session_14_player2,samplePosteriorOnlyGoalAndSignal_fromStart,0.8008914574867738,"samplePosteriorOnlyGoal+Signal
fromStart"
session_15_player1,TwoStageSignalAgent_sigmoidThreshold,0.6654048420156053,"TwoStageSignal
sigmoidThreshold"
session_15_player1,sampleJointGoalAndRSASignal_fromStart,0.7728809599622107,"shared-agency
communicative
action mixture
fromStart"
session_15_player1,sampleJointGoalAndSignal_afterNewGoal,0.6886176171902844,"sampleJointGoal+Signal
afterNewGoal"
session_15_player1,sampleJointGoalAndSignal_fromStart,0.7742553154430426,"sampleJointGoal+Signal
fromStart"
session_15_player1,sampleJointGoal_afterNewGoal,0.6700222278582917,"sampleJointGoal
afterNewGoal"
session_15_player1,samplePosteriorOnlyGoalAndSignal_fromStart,0.7757363838398165,"samplePosteriorOnlyGoal+Signal
fromStart"
session_15_player2,TwoStageSignalAgent_sigmoidThreshold,0.7608870784666268,"TwoStageSignal
sigmoidThreshold"
session_15_player2,sampleJointGoalAndRSASignal_fromStart,0.7535852210536237,"shared-agency
communicative
action mixture
fromStart"
session_15_player2,sampleJointGoalAndSignal_afterNewGoal,0.7877927122296109,"sampleJointGoal+Signal
afterNewGoal"
session_15_player2,sampleJointGoalAndSignal_fromStart,0.7647398936071927,"sampleJointGoal+Signal
fromStart"
session_15_player2,sampleJointGoal_afterNewGoal,0.7128762889402669,"sampleJointGoal
afterNewGoal"
session_15_player2,samplePosteriorOnlyGoalAndSignal_fromStart,0.7853538140452091,"samplePosteriorOnlyGoal+Signal
fromStart"
session_16_player1,TwoStageSignalAgent_sigmoidThreshold,0.7344532967347374,"TwoStageSignal
sigmoidThreshold"
session_16_player1,sampleJointGoalAndRSASignal_fromStart,0.7825131921447211,"shared-agency
communicative
action mixture
fromStart"
session_16_player1,sampleJointGoalAndSignal_afterNewGoal,0.7853274322831365,"sampleJointGoal+Signal
afterNewGoal"
session_16_player1,sampleJointGoalAndSignal_fromStart,0.7982116441264644,"sampleJointGoal+Signal
fromStart"
session_16_player1,sampleJointGoal_afterNewGoal,0.79408462584948,"sampleJointGoal
afterNewGoal"
session_16_player1,samplePosteriorOnlyGoalAndSignal_fromStart,0.8329393950596612,"samplePosteriorOnlyGoal+Signal
fromStart"
session_16_player2,TwoStageSignalAgent_sigmoidThreshold,0.7826431800896968,"TwoStageSignal
sigmoidThreshold"
session_16_player2,sampleJointGoalAndRSASignal_fromStart,0.824011702671447,"shared-agency
communicative
action mixture
fromStart"
session_16_player2,sampleJointGoalAndSignal_afterNewGoal,0.8200276612893561,"sampleJointGoal+Signal
afterNewGoal"
session_16_player2,sampleJointGoalAndSignal_fromStart,0.7464724693927313,"sampleJointGoal+Signal
fromStart"
session_16_player2,sampleJointGoal_afterNewGoal,0.8019567901764387,"sampleJointGoal
afterNewGoal"
session_16_player2,samplePosteriorOnlyGoalAndSignal_fromStart,0.8007107442378573,"samplePosteriorOnlyGoal+Signal
fromStart"
session_17_player1,TwoStageSignalAgent_sigmoidThreshold,0.7486395056712484,"TwoStageSignal
sigmoidThreshold"
session_17_player1,sampleJointGoalAndRSASignal_fromStart,0.704382935999497,"shared-agency
communicative
action mixture
fromStart"
session_17_player1,sampleJointGoalAndSignal_afterNewGoal,0.7298563261317964,"sampleJointGoal+Signal
afterNewGoal"
session_17_player1,sampleJointGoalAndSignal_fromStart,0.8006634565073071,"sampleJointGoal+Signal
fromStart"
session_17_player1,sampleJointGoal_afterNewGoal,0.7062167591748777,"sampleJointGoal
afterNewGoal"
session_17_player1,samplePosteriorOnlyGoalAndSignal_fromStart,0.7177405370576201,"samplePosteriorOnlyGoal+Signal
fromStart"
session_17_player2,TwoStageSignalAgent_sigmoidThreshold,0.7443407613155933,"TwoStageSignal
sigmoidThreshold"
session_17_player2,sampleJointGoalAndRSASignal_fromStart,0.7668977136179757,"shared-agency
communicative
action mixture
fromStart"
session_17_player2,sampleJointGoalAndSignal_afterNewGoal,0.7471844534040653,"sampleJointGoal+Signal
afterNewGoal"
session_17_player2,sampleJointGoalAndSignal_fromStart,0.8108285267174402,"sampleJointGoal+Signal
fromStart"
session_17_player2,sampleJointGoal_afterNewGoal,0.6237107547423696,"sampleJointGoal
afterNewGoal"
session_17_player2,samplePosteriorOnlyGoalAndSignal_fromStart,0.7228240744279656,"samplePosteriorOnlyGoal+Signal
fromStart"
session_18_player1,TwoStageSignalAgent_sigmoidThreshold,0.7686979298286607,"TwoStageSignal
sigmoidThreshold"
session_18_player1,sampleJointGoalAndRSASignal_fromStart,0.6363992290204634,"shared-agency
communicative
action mixture
fromStart"
session_18_player1,sampleJointGoalAndSignal_afterNewGoal,0.7213474995315114,"sampleJointGoal+Signal
afterNewGoal"
session_18_player1,sampleJointGoalAndSignal_fromStart,0.6890266408571611,"sampleJointGoal+Signal
fromStart"
session_18_player1,sampleJointGoal_afterNewGoal,0.7233153991014069,"sampleJointGoal
afterNewGoal"
session_18_player1,samplePosteriorOnlyGoalAndSignal_fromStart,0.633354973130416,"samplePosteriorOnlyGoal+Signal
fromStart"
session_18_player2,TwoStageSignalAgent_sigmoidThreshold,0.7474250564044488,"TwoStageSignal
sigmoidThreshold"
session_18_player2,sampleJointGoalAndRSASignal_fromStart,0.5973904359673446,"shared-agency
communicative
action mixture
fromStart"
session_18_player2,sampleJointGoalAndSignal_afterNewGoal,0.8775582464640229,"sampleJointGoal+Signal
afterNewGoal"
session_18_player2,sampleJointGoalAndSignal_fromStart,0.6786475151609501,"sampleJointGoal+Signal
fromStart"
session_18_player2,sampleJointGoal_afterNewGoal,0.6997135529683897,"sampleJointGoal
afterNewGoal"
session_18_player2,samplePosteriorOnlyGoalAndSignal_fromStart,0.7553378256189869,"samplePosteriorOnlyGoal+Signal
fromStart"
session_19_player1,TwoStageSignalAgent_sigmoidThreshold,0.812507694424777,"TwoStageSignal
sigmoidThreshold"
session_19_player1,sampleJointGoalAndRSASignal_fromStart,0.8298870743270382,"shared-agency
communicative
action mixture
fromStart"
session_19_player1,sampleJointGoalAndSignal_afterNewGoal,0.7058448664847484,"sampleJointGoal+Signal
afterNewGoal"
session_19_player1,sampleJointGoalAndSignal_fromStart,0.7505929787680999,"sampleJointGoal+Signal
fromStart"
session_19_player1,sampleJointGoal_afterNewGoal,0.7063128064477407,"sampleJointGoal
afterNewGoal"
session_19_player1,samplePosteriorOnlyGoalAndSignal_fromStart,0.8136206472856823,"samplePosteriorOnlyGoal+Signal
fromStart"
session_19_player2,TwoStageSignalAgent_sigmoidThreshold,0.7846228130303726,"TwoStageSignal
sigmoidThreshold"
session_19_player2,sampleJointGoalAndRSASignal_fromStart,0.7512855039420324,"shared-agency
communicative
action mixture
fromStart"
session_19_player2,sampleJointGoalAndSignal_afterNewGoal,0.7910636998940155,"sampleJointGoal+Signal
afterNewGoal"
session_19_player2,sampleJointGoalAndSignal_fromStart,0.6805925071926168,"sampleJointGoal+Signal
fromStart"
session_19_player2,sampleJointGoal_afterNewGoal,0.6908786841428848,"sampleJointGoal
afterNewGoal"
session_19_player2,samplePosteriorOnlyGoalAndSignal_fromStart,0.7173415342409392,"samplePosteriorOnlyGoal+Signal
fromStart"
session_1_player1,TwoStageSignalAgent_sigmoidThreshold,0.7318663735116749,"TwoStageSignal
sigmoidThreshold"
session_1_player1,sampleJointGoalAndRSASignal_fromStart,0.7348476533146745,"shared-agency
communicative
action mixture
fromStart"
session_1_player1,sampleJointGoalAndSignal_afterNewGoal,0.7832352811928627,"sampleJointGoal+Signal
afterNewGoal"
session_1_player1,sampleJointGoalAndSignal_fromStart,0.8024279527670397,"sampleJointGoal+Signal
fromStart"
session_1_player1,sampleJointGoal_afterNewGoal,0.6750861707158046,"sampleJointGoal
afterNewGoal"
session_1_player1,samplePosteriorOnlyGoalAndSignal_fromStart,0.81612072650389,"samplePosteriorOnlyGoal+Signal
fromStart"
session_1_player2,TwoStageSignalAgent_sigmoidThreshold,0.7731064008703149,"TwoStageSignal
sigmoidThreshold"
session_1_player2,sampleJointGoalAndRSASignal_fromStart,0.7572810976267702,"shared-agency
communicative
action mixture
fromStart"
session_1_player2,sampleJointGoalAndSignal_afterNewGoal,0.7271455686714252,"sampleJointGoal+Signal
afterNewGoal"
session_1_player2,sampleJointGoalAndSignal_fromStart,0.7671340205869098,"sampleJointGoal+Signal
fromStart"
session_1_player2,sampleJointGoal_afterNewGoal,0.7857746418210372,"sampleJointGoal
afterNewGoal"
session_1_player2,samplePosteriorOnlyGoalAndSignal_fromStart,0.7721499736323155,"samplePosteriorOnlyGoal+Signal
fromStart"
session_20_player1,TwoStageSignalAgent_sigmoidThreshold,0.6632309417662252,"TwoStageSignal
sigmoidThreshold"
session_20_player1,sampleJointGoalAndRSASignal_fromStart,0.7099466202662529,"shared-agency
communicative
action mixture
fromStart"
session_20_player1,sampleJointGoalAndSignal_afterNewGoal,0.7517738387921633,"sampleJointGoal+Signal
afterNewGoal"
session_20_player1,sampleJointGoalAndSignal_fromStart,0.6339276732790111,"sampleJointGoal+Signal
fromStart"
session_20_player1,sampleJointGoal_afterNewGoal,0.7575851998173851,"sampleJointGoal
afterNewGoal"
session_20_player1,samplePosteriorOnlyGoalAndSignal_fromStart,0.6569457584623083,"samplePosteriorOnlyGoal+Signal
fromStart"
session_20_player2,TwoStageSignalAgent_sigmoidThreshold,0.7586425321607547,"TwoStageSignal
sigmoidThreshold"
session_20_player2,sampleJointGoalAndRSASignal_fromStart,0.7411117656019481,"shared-agency
communicative
action mixture
fromStart"
session_20_player2,sampleJointGoalAndSignal_afterNewGoal,0.7591989623060824,"sampleJointGoal+Signal
afterNewGoal"
session_20_player2,sampleJointGoalAndSignal_fromStart,0.7071054798752985,"sampleJointGoal+Signal
fromStart"
session_20_player2,sampleJointGoal_afterNewGoal,0.760452899740117,"sampleJointGoal
afterNewGoal"
session_20_player2,samplePosteriorOnlyGoalAndSignal_fromStart,0.7443323945305406,"samplePosteriorOnlyGoal+Signal
fromStart"
session_21_player1,TwoStageSignalAgent_sigmoidThreshold,0.5468008976943205,"TwoStageSignal
sigmoidThreshold"
session_21_player1,sampleJointGoalAndRSASignal_fromStart,0.7402218129393456,"shared-agency
communicative
action mixture
fromStart"
session_21_player1,sampleJointGoalAndSignal_afterNewGoal,0.6565130113006448,"sampleJointGoal+Signal
afterNewGoal"
session_21_player1,sampleJointGoalAndSignal_fromStart,0.7891071910990735,"sampleJointGoal+Signal
fromStart"
session_21_player1,sampleJointGoal_afterNewGoal,0.6564537601981763,"sampleJointGoal
afterNewGoal"
session_21_player1,samplePosteriorOnlyGoalAndSignal_fromStart,0.8371163518057557,"samplePosteriorOnlyGoal+Signal
fromStart"
session_21_player2,TwoStageSignalAgent_sigmoidThreshold,0.7664917853106018,"TwoStageSignal
sigmoidThreshold"
session_21_player2,sampleJointGoalAndRSASignal_fromStart,0.8189760923196835,"shared-agency
communicative
action mixture
fromStart"
session_21_player2,sampleJointGoalAndSignal_afterNewGoal,0.6843145998461101,"sampleJointGoal+Signal
afterNewGoal"
session_21_player2,sampleJointGoalAndSignal_fromStart,0.7863619721845568,"sampleJointGoal+Signal
fromStart"
session_21_player2,sampleJointGoal_afterNewGoal,0.7475478472987401,"sampleJointGoal
afterNewGoal"
session_21_player2,samplePosteriorOnlyGoalAndSignal_fromStart,0.8222793251849092,"samplePosteriorOnlyGoal+Signal
fromStart"
session_22_player1,TwoStageSignalAgent_sigmoidThreshold,0.7682927216216089,"TwoStageSignal
sigmoidThreshold"
session_22_player1,sampleJointGoalAndRSASignal_fromStart,0.6437616781244448,"shared-agency
communicative
action mixture
fromStart"
session_22_player1,sampleJointGoalAndSignal_afterNewGoal,0.7919878490543312,"sampleJointGoal+Signal
afterNewGoal"
session_22_player1,sampleJointGoalAndSignal_fromStart,0.7613813677719586,"sampleJointGoal+Signal
fromStart"
session_22_player1,sampleJointGoal_afterNewGoal,0.80578261673085,"sampleJointGoal
afterNewGoal"
session_22_player1,samplePosteriorOnlyGoalAndSignal_fromStart,0.7082954060177152,"samplePosteriorOnlyGoal+Signal
fromStart"
session_22_player2,TwoStageSignalAgent_sigmoidThreshold,0.7466331360114539,"TwoStageSignal
sigmoidThreshold"
session_22_player2,sampleJointGoalAndRSASignal_fromStart,0.7823907503311863,"shared-agency
communicative
action mixture
fromStart"
session_22_player2,sampleJointGoalAndSignal_afterNewGoal,0.8045705261490231,"sampleJointGoal+Signal
afterNewGoal"
session_22_player2,sampleJointGoalAndSignal_fromStart,0.7873627188518734,"sampleJointGoal+Signal
fromStart"
session_22_player2,sampleJointGoal_afterNewGoal,0.6744507654519595,"sampleJointGoal
afterNewGoal"
session_22_player2,samplePosteriorOnlyGoalAndSignal_fromStart,0.6463160559019487,"samplePosteriorOnlyGoal+Signal
fromStart"
session_23_player1,TwoStageSignalAgent_sigmoidThreshold,0.6696115587518608,"TwoStageSignal
sigmoidThreshold"
session_23_player1,sampleJointGoalAndRSASignal_fromStart,0.8010050457883432,"shared-agency
communicative
action mixture
fromStart"
session_23_player1,sampleJointGoalAndSignal_afterNewGoal,0.7920554300230044,"sampleJointGoal+Signal
afterNewGoal"
session_23_player1,sampleJointGoalAndSignal_fromStart,0.6844701743065541,"sampleJointGoal+Signal
fromStart"
session_23_player1,sampleJointGoal_afterNewGoal,0.7839722944123783,"sampleJointGoal
afterNewGoal"
session_23_player1,samplePosteriorOnlyGoalAndSignal_fromStart,0.7912366429041359,"samplePosteriorOnlyGoal+Signal
fromStart"
session_23_player2,TwoStageSignalAgent_sigmoidThreshold,0.779629141467875,"TwoStageSignal
sigmoidThreshold"
session_23_player2,sampleJointGoalAndRSASignal_fromStart,0.717531223878556,"shared-agency
communicative
action mixture
fromStart"
session_23_player2,sampleJointGoalAndSignal_afterNewGoal,0.712265727687028,"sampleJointGoal+Signal
afterNewGoal"
session_23_player2,sampleJointGoalAndSignal_fromStart,0.659682409465963,"sampleJointGoal+Signal
fromStart"
session_23_player2,sampleJointGoal_afterNewGoal,0.6538295895403848,"sampleJointGoal
afterNewGoal"
session_23_player2,samplePosteriorOnlyGoalAndSignal_fromStart,0.8257303296430859,"samplePosteriorOnlyGoal+Signal
fromStart"
session_24_player1,TwoStageSignalAgent_sigmoidThreshold,0.6427361250192574,"TwoStageSignal
sigmoidThreshold"
session_24_player1,sampleJointGoalAndRSASignal_fromStart,0.803754283683655,"shared-agency
communicative
action mixture
fromStart"
session_24_player1,sampleJointGoalAndSignal_afterNewGoal,0.6799408836161329,"sampleJointGoal+Signal
afterNewGoal"
session_24_player1,sampleJointGoalAndSignal_fromStart,0.8312729364701797,"sampleJointGoal+Signal
fromStart"
session_24_player1,sampleJointGoal_afterNewGoal,0.7403752996954367,"sampleJointGoal
afterNewGoal"
session_24_player1,samplePosteriorOnlyGoalAndSignal_fromStart,0.6955260511490596,"samplePosteriorOnlyGoal+Signal
fromStart"
session_24_player2,TwoStageSignalAgent_sigmoidThreshold,0.7375596327491424,"TwoStageSignal
sigmoidThreshold"
session_24_player2,sampleJointGoalAndRSASignal_fromStart,0.6597390584258785,"shared-agency
communicative
action mixture
fromStart"
session_24_player2,sampleJointGoalAndSignal_afterNewGoal,0.714448827929318,"sampleJointGoal+Signal
afterNewGoal"
session_24_player2,sampleJointGoalAndSignal_fromStart,0.8268150297662636,"sampleJointGoal+Signal
fromStart"
session_24_player2,sampleJointGoal_afterNewGoal,0.7228396841132655,"sampleJointGoal
afterNewGoal"
session_24_player2,samplePosteriorOnlyGoalAndSignal_fromStart,0.6996772922284852,"samplePosteriorOnlyGoal+Signal
fromStart"
session_25_player1,TwoStageSignalAgent_sigmoidThreshold,0.7106563189427645,"TwoStageSignal
sigmoidThreshold"
session_25_player1,sampleJointGoalAndRSASignal_fromStart,0.6541239650300033,"shared-agency
communicative
action mixture
fromStart"
session_25_player1,sampleJointGoalAndSignal_afterNewGoal,0.7425680206088886,"sampleJointGoal+Signal
afterNewGoal"
session_25_player1,sampleJointGoalAndSignal_fromStart,0.6948507912428373,"sampleJointGoal+Signal
fromStart"
session_25_player1,sampleJointGoal_afterNewGoal,0.6454296534040483,"sampleJointGoal
afterNewGoal"
session_25_player1,samplePosteriorOnlyGoalAndSignal_fromStart,0.6555510616617891,"samplePosteriorOnlyGoal+Signal
fromStart"
session_25_player2,TwoStageSignalAgent_sigmoidThreshold,0.7225798366139529,"TwoStageSignal
sigmoidThreshold"
session_25_player2,sampleJointGoalAndRSASignal_fromStart,0.6790535561588928,"shared-agency
communicative
action mixture
fromStart"
session_25_player2,sampleJointGoalAndSignal_afterNewGoal,0.7299061677038964,"sampleJointGoal+Signal
afterNewGoal"
session_25_player2,sampleJointGoalAndSignal_fromStart,0.6901759987311148,"sampleJointGoal+Signal
fromStart"
session_25_player2,sampleJointGoal_afterNewGoal,0.7020962385263395,"sampleJointGoal
afterNewGoal"
session_25_player2,samplePosteriorOnlyGoalAndSignal_fromStart,0.7084024654596438,"samplePosteriorOnlyGoal+Signal
fromStart"
session_26_player1,TwoStageSignalAgent_sigmoidThreshold,0.8371506347998482,"TwoStageSignal
sigmoidThreshold"
session_26_player1,sampleJointGoalAndRSASignal_fromStart,0.7894251998753887,"shared-agency
communicative
action mixture
fromStart"
session_26_player1,sampleJointGoalAndSignal_afterNewGoal,0.6995124279628252,"sampleJointGoal+Signal
afterNewGoal"
session_26_player1,sampleJointGoalAndSignal_fromStart,0.8140843682759739,"sampleJointGoal+Signal
fromStart"
session_26_player1,sampleJointGoal_afterNewGoal,0.7823696378596541,"sampleJointGoal
afterNewGoal"
session_26_player1,samplePosteriorOnlyGoalAndSignal_fromStart,0.7937349067921868,"samplePosteriorOnlyGoal+Signal
fromStart"
session_26_player2,TwoStageSignalAgent_sigmoidThreshold,0.784857694955921,"TwoStageSignal
sigmoidThreshold"
session_26_player2,sampleJointGoalAndRSASignal_fromStart,0.7613709858344584,"shared-agency
communicative
action mixture
fromStart"
session_26_player2,sampleJointGoalAndSignal_afterNewGoal,0.7481327037925655,"sampleJointGoal+Signal
afterNewGoal"
session_26_player2,sampleJointGoalAndSignal_fromStart,0.791198789608056,"sampleJointGoal+Signal
fromStart"
session_26_player2,sampleJointGoal_afterNewGoal,0.7588678927098442,"sampleJointGoal
afterNewGoal"
session_26_player2,samplePosteriorOnlyGoalAndSignal_fromStart,0.7234036468332516,"samplePosteriorOnlyGoal+Signal
fromStart"
session_27_player1,TwoStageSignalAgent_sigmoidThreshold,0.794831351293536,"TwoStageSignal
sigmoidThreshold"
session_27_player1,sampleJointGoalAndRSASignal_fromStart,0.634988257504433,"shared-agency
communicative
action mixture
fromStart"
session_27_player1,sampleJointGoalAndSignal_afterNewGoal,0.786348428223938,"sampleJointGoal+Signal
afterNewGoal"
session_27_player1,sampleJointGoalAndSignal_fromStart,0.7292713789559206,"sampleJointGoal+Signal
fromStart"
session_27_player1,sampleJointGoal_afterNewGoal,0.7105069899544391,"sampleJointGoal
afterNewGoal"
session_27_player1,samplePosteriorOnlyGoalAndSignal_fromStart,0.7894375308093046,"samplePosteriorOnlyGoal+Signal
fromStart"
session_27_player2,TwoStageSignalAgent_sigmoidThreshold,0.7078860350482472,"TwoStageSignal
sigmoidThreshold"
session_27_player2,sampleJointGoalAndRSASignal_fromStart,0.8452216471893484,"shared-agency
communicative
action mixture
fromStart"
session_27_player2,sampleJointGoalAndSignal_afterNewGoal,0.7905423946806055,"sampleJointGoal+Signal
afterNewGoal"
session_27_player2,sampleJointGoalAndSignal_fromStart,0.7107939759324985,"sampleJointGoal+Signal
fromStart"
session_27_player2,sampleJointGoal_afterNewGoal,0.6791220879084219,"sampleJointGoal
afterNewGoal"
session_27_player2,samplePosteriorOnlyGoalAndSignal_fromStart,0.7637694449763988,"samplePosteriorOnlyGoal+Signal
fromStart"
session_28_player1,TwoStageSignalAgent_sigmoidThreshold,0.6379473522403807,"TwoStageSignal
sigmoidThreshold"
session_28_player1,sampleJointGoalAndRSASignal_fromStart,0.5605635531868906,"shared-agency
communicative
action mixture
fromStart"
session_28_player1,sampleJointGoalAndSignal_afterNewGoal,0.7280116837450001,"sampleJointGoal+Signal
afterNewGoal"
session_28_player1,sampleJointGoalAndSignal_fromStart,0.856090654754475,"sampleJointGoal+Signal
fromStart"
session_28_player1,sampleJointGoal_afterNewGoal,0.7468086988786692,"sampleJointGoal
afterNewGoal"
session_28_player1,samplePosteriorOnlyGoalAndSignal_fromStart,0.7256183306435299,"samplePosteriorOnlyGoal+Signal
fromStart"
session_28_player2,TwoStageSignalAgent_sigmoidThreshold,0.7319622962443256,"TwoStageSignal
sigmoidThreshold"
session_28_player2,sampleJointGoalAndRSASignal_fromStart,0.6839755406691608,"shared-agency
communicative
action mixture
fromStart"
session_28_player2,sampleJointGoalAndSignal_afterNewGoal,0.68791295092513,"sampleJointGoal+Signal
afterNewGoal"
session_28_player2,sampleJointGoalAndSignal_fromStart,0.7941201864671541,"sampleJointGoal+Signal
fromStart"
session_28_player2,sampleJointGoal_afterNewGoal,0.6591103164517108,"sampleJointGoal
afterNewGoal"
session_28_player2,samplePosteriorOnlyGoalAndSignal_fromStart,0.7588179386503424,"samplePosteriorOnlyGoal+Signal
fromStart"
session_29_player1,TwoStageSignalAgent_sigmoidThreshold,0.7680295814729766,"TwoStageSignal
sigmoidThreshold"
session_29_player1,sampleJointGoalAndRSASignal_fromStart,0.6199244202782174,"shared-agency
communicative
action mixture
fromStart"
session_29_player1,sampleJointGoalAndSignal_afterNewGoal,0.7478868525286161,"sampleJointGoal+Signal
afterNewGoal"
session_29_player1,sampleJointGoalAndSignal_fromStart,0.8033929460874004,"sampleJointGoal+Signal
fromStart"
session_29_player1,sampleJointGoal_afterNewGoal,0.7122209223344402,"sampleJointGoal
afterNewGoal"
session_29_player1,samplePosteriorOnlyGoalAndSignal_fromStart,0.8155717022538355,"samplePosteriorOnlyGoal+Signal
fromStart"
session_29_player2,TwoStageSignalAgent_sigmoidThreshold,0.7676696972392115,"TwoStageSignal
sigmoidThreshold"
session_29_player2,sampleJointGoalAndRSASignal_fromStart,0.6547266965004525,"shared-agency
communicative
action mixture
fromStart"
session_29_player2,sampleJointGoalAndSignal_afterNewGoal,0.763177080024516,"sampleJointGoal+Signal
afterNewGoal"
session_29_player2,sampleJointGoalAndSignal_fromStart,0.7609291492055741,"sampleJointGoal+Signal
fromStart"
session_29_player2,sampleJointGoal_afterNewGoal,0.7136157147262914,"sampleJointGoal
afterNewGoal"
session_29_player2,samplePosteriorOnlyGoalAndSignal_fromStart,0.729917369134934,"samplePosteriorOnlyGoal+Signal
fromStart"
session_2_player1,TwoStageSignalAgent_sigmoidThreshold,0.8090376439913934,"TwoStageSignal
sigmoidThreshold"
session_2_player1,sampleJointGoalAndRSASignal_fromStart,0.6801369533981013,"shared-agency
communicative
action mixture
fromStart"
session_2_player1,sampleJointGoalAndSignal_afterNewGoal,0.7650436409477172,"sampleJointGoal+Signal
afterNewGoal"
session_2_player1,sampleJointGoalAndSignal_fromStart,0.730209694550373,"sampleJointGoal+Signal
fromStart"
session_2_player1,sampleJointGoal_afterNewGoal,0.8017483762251748,"sampleJointGoal
afterNewGoal"
session_2_player1,samplePosteriorOnlyGoalAndSignal_fromStart,0.7327473551791025,"samplePosteriorOnlyGoal+Signal
fromStart"
session_2_player2,TwoStageSignalAgent_sigmoidThreshold,0.7842196688605437,"TwoStageSignal
sigmoidThreshold"
session_2_player2,sampleJointGoalAndRSASignal_fromStart,0.7615831609885259,"shared-agency
communicative
action mixture
fromStart"
session_2_player2,sampleJointGoalAndSignal_afterNewGoal,0.8001247431329452,"sampleJointGoal+Signal
afterNewGoal"
session_2_player2,sampleJointGoalAndSignal_fromStart,0.8472663438126274,"sampleJointGoal+Signal
fromStart"
session_2_player2,sampleJointGoal_afterNewGoal,0.8828561463059992,"sampleJointGoal
afterNewGoal"
session_2_player2,samplePosteriorOnlyGoalAndSignal_fromStart,0.7994721338137971,"samplePosteriorOnlyGoal+Signal
fromStart"
session_3_player1,TwoStageSignalAgent_sigmoidThreshold,0.7536179989313164,"TwoStageSignal
sigmoidThreshold"
session_3_player1,sampleJointGoalAndRSASignal_fromStart,0.8206656651337023,"shared-agency
communicative
action mixture
fromStart"
session_3_player1,sampleJointGoalAndSignal_afterNewGoal,0.6734533198585982,"sampleJointGoal+Signal
afterNewGoal"
session_3_player1,sampleJointGoalAndSignal_fromStart,0.7549908768072268,"sampleJointGoal+Signal
fromStart"
session_3_player1,sampleJointGoal_afterNewGoal,0.7178057900683078,"sampleJointGoal
afterNewGoal"
session_3_player1,samplePosteriorOnlyGoalAndSignal_fromStart,0.7472476247704232,"samplePosteriorOnlyGoal+Signal
fromStart"
session_3_player2,TwoStageSignalAgent_sigmoidThreshold,0.843331082183164,"TwoStageSignal
sigmoidThreshold"
session_3_player2,sampleJointGoalAndRSASignal_fromStart,0.8471410131247374,"shared-agency
communicative
action mixture
fromStart"
session_3_player2,sampleJointGoalAndSignal_afterNewGoal,0.7863017122326769,"sampleJointGoal+Signal
afterNewGoal"
session_3_player2,sampleJointGoalAndSignal_fromStart,0.6697971380090181,"sampleJointGoal+Signal
fromStart"
session_3_player2,sampleJointGoal_afterNewGoal,0.7384234047967907,"sampleJointGoal
afterNewGoal"
session_3_player2,samplePosteriorOnlyGoalAndSignal_fromStart,0.714215013561207,"samplePosteriorOnlyGoal+Signal
fromStart"
session_4_player1,TwoStageSignalAgent_sigmoidThreshold,0.6016750457713093,"TwoStageSignal
sigmoidThreshold"
session_4_player1,sampleJointGoalAndRSASignal_fromStart,0.7085496512286656,"shared-agency
communicative
action mixture
fromStart"
session_4_player1,sampleJointGoalAndSignal_afterNewGoal,0.7015491217756097,"sampleJointGoal+Signal
afterNewGoal"
session_4_player1,sampleJointGoalAndSignal_fromStart,0.8226895529016837,"sampleJointGoal+Signal
fromStart"
session_4_player1,sampleJointGoal_afterNewGoal,0.830045498150676,"sampleJointGoal
afterNewGoal"
session_4_player1,samplePosteriorOnlyGoalAndSignal_fromStart,0.8235198006392755,"samplePosteriorOnlyGoal+Signal
fromStart"
session_4_player2,TwoStageSignalAgent_sigmoidThreshold,0.7686259602640693,"TwoStageSignal
sigmoidThreshold"
session_4_player2,sampleJointGoalAndRSASignal_fromStart,0.6862333768704745,"shared-agency
communicative
action mixture
fromStart"
session_4_player2,sampleJointGoalAndSignal_afterNewGoal,0.7570034874433463,"sampleJointGoal+Signal
afterNewGoal"
session_4_player2,sampleJointGoalAndSignal_fromStart,0.7939687525346161,"sampleJointGoal+Signal
fromStart"
session_4_player2,sampleJointGoal_afterNewGoal,0.6778336697674147,"sampleJointGoal
afterNewGoal"
session_4_player2,samplePosteriorOnlyGoalAndSignal_fromStart,0.8585239876559366,"samplePosteriorOnlyGoal+Signal
fromStart"
session_5_player1,TwoStageSignalAgent_sigmoidThreshold,0.7384018764447715,"TwoStageSignal
sigmoidThreshold"
session_5_player1,sampleJointGoalAndRSASignal_fromStart,0.6492134392447558,"shared-agency
communicative
action mixture
fromStart"
session_5_player1,sampleJointGoalAndSignal_afterNewGoal,0.6835484439327701,"sampleJointGoal+Signal
afterNewGoal"
session_5_player1,sampleJointGoalAndSignal_fromStart,0.7563337964034086,"sampleJointGoal+Signal
fromStart"
session_5_player1,sampleJointGoal_afterNewGoal,0.8631791106112864,"sampleJointGoal
afterNewGoal"
session_5_player1,samplePosteriorOnlyGoalAndSignal_fromStart,0.7459661599466716,"samplePosteriorOnlyGoal+Signal
fromStart"
session_5_player2,TwoStageSignalAgent_sigmoidThreshold,0.777741969936052,"TwoStageSignal
sigmoidThreshold"
session_5_player2,sampleJointGoalAndRSASignal_fromStart,0.6315358414768613,"shared-agency
communicative
action mixture
fromStart"
session_5_player2,sampleJointGoalAndSignal_afterNewGoal,0.7388222796658596,"sampleJointGoal+Signal
afterNewGoal"
session_5_player2,sampleJointGoalAndSignal_fromStart,0.7654960775290132,"sampleJointGoal+Signal
fromStart"
session_5_player2,sampleJointGoal_afterNewGoal,0.8539137523843919,"sampleJointGoal
afterNewGoal"
session_5_player2,samplePosteriorOnlyGoalAndSignal_fromStart,0.7576140904813377,"samplePosteriorOnlyGoal+Signal
fromStart"
session_6_player1,TwoStageSignalAgent_sigmoidThreshold,0.7338737115060151,"TwoStageSignal
sigmoidThreshold"
session_6_player1,sampleJointGoalAndRSASignal_fromStart,0.8340574694537791,"shared-agency
communicative
action mixture
fromStart"
session_6_player1,sampleJointGoalAndSignal_afterNewGoal,0.6975595390335935,"sampleJointGoal+Signal
afterNewGoal"
session_6_player1,sampleJointGoalAndSignal_fromStart,0.7218915676857582,"sampleJointGoal+Signal
fromStart"
session_6_player1,sampleJointGoal_afterNewGoal,0.6440726081746374,"sampleJointGoal
afterNewGoal"
session_6_player1,samplePosteriorOnlyGoalAndSignal_fromStart,0.7317457889828716,"samplePosteriorOnlyGoal+Signal
fromStart"
session_6_player2,TwoStageSignalAgent_sigmoidThreshold,0.7842028933271874,"TwoStageSignal
sigmoidThreshold"
session_6_player2,sampleJointGoalAndRSASignal_fromStart,0.7295273526387644,"shared-agency
communicative
action mixture
fromStart"
session_6_player2,sampleJointGoalAndSignal_afterNewGoal,0.8156241511011978,"sampleJointGoal+Signal
afterNewGoal"
session_6_player2,sampleJointGoalAndSignal_fromStart,0.7631754072946767,"sampleJointGoal+Signal
fromStart"
session_6_player2,sampleJointGoal_afterNewGoal,0.7891168331785136,"sampleJointGoal
afterNewGoal"
session_6_player2,samplePosteriorOnlyGoalAndSignal_fromStart,0.6612277237201537,"samplePosteriorOnlyGoal+Signal
fromStart"
session_7_player1,TwoStageSignalAgent_sigmoidThreshold,0.79091043674336,"TwoStageSignal
sigmoidThreshold"
session_7_player1,sampleJointGoalAndRSASignal_fromStart,0.6803474429898916,"shared-agency
communicative
action mixture
fromStart"
session_7_player1,sampleJointGoalAndSignal_afterNewGoal,0.7380501270447452,"sampleJointGoal+Signal
afterNewGoal"
session_7_player1,sampleJointGoalAndSignal_fromStart,0.7729158740113392,"sampleJointGoal+Signal
fromStart"
session_7_player1,sampleJointGoal_afterNewGoal,0.7018371229598471,"sampleJointGoal
afterNewGoal"
session_7_player1,samplePosteriorOnlyGoalAndSignal_fromStart,0.6256778075180973,"samplePosteriorOnlyGoal+Signal
fromStart"
session_7_player2,TwoStageSignalAgent_sigmoidThreshold,0.7404422958188114,"TwoStageSignal
sigmoidThreshold"
session_7_player2,sampleJointGoalAndRSASignal_fromStart,0.7143983726928722,"shared-agency
communicative
action mixture
fromStart"
session_7_player2,sampleJointGoalAndSignal_afterNewGoal,0.7835709604119144,"sampleJointGoal+Signal
afterNewGoal"
session_7_player2,sampleJointGoalAndSignal_fromStart,0.7238849941790325,"sampleJointGoal+Signal
fromStart"
session_7_player2,sampleJointGoal_afterNewGoal,0.7346119437832562,"sampleJointGoal
afterNewGoal"
session_7_player2,samplePosteriorOnlyGoalAndSignal_fromStart,0.7631554065058209,"samplePosteriorOnlyGoal+Signal
fromStart"
session_8_player1,TwoStageSignalAgent_sigmoidThreshold,0.8585837055338871,"TwoStageSignal
sigmoidThreshold"
session_8_player1,sampleJointGoalAndRSASignal_fromStart,0.7946924691159566,"shared-agency
communicative
action mixture
fromStart"
session_8_player1,sampleJointGoalAndSignal_afterNewGoal,0.7226113518918709,"sampleJointGoal+Signal
afterNewGoal"
session_8_player1,sampleJointGoalAndSignal_fromStart,0.8638695051922931,"sampleJointGoal+Signal
fromStart"
session_8_player1,sampleJointGoal_afterNewGoal,0.7842049500024899,"sampleJointGoal
afterNewGoal"
session_8_player1,samplePosteriorOnlyGoalAndSignal_fromStart,0.7318563798325893,"samplePosteriorOnlyGoal+Signal
fromStart"
session_8_player2,TwoStageSignalAgent_sigmoidThreshold,0.7591121801168197,"TwoStageSignal
sigmoidThreshold"
session_8_player2,sampleJointGoalAndRSASignal_fromStart,0.8502115665011614,"shared-agency
communicative
action mixture
fromStart"
session_8_player2,sampleJointGoalAndSignal_afterNewGoal,0.7580207384938604,"sampleJointGoal+Signal
afterNewGoal"
session_8_player2,sampleJointGoalAndSignal_fromStart,0.7999371415795312,"sampleJointGoal+Signal
fromStart"
session_8_player2,sampleJointGoal_afterNewGoal,0.7251433038883327,"sampleJointGoal
afterNewGoal"
session_8_player2,samplePosteriorOnlyGoalAndSignal_fromStart,0.7601860333933542,"samplePosteriorOnlyGoal+Signal
fromStart"
session_9_player1,TwoStageSignalAgent_sigmoidThreshold,0.662928716780191,"TwoStageSignal
sigmoidThreshold"
session_9_player1,sampleJointGoalAndRSASignal_fromStart,0.7231822346002934,"shared-agency
communicative
action mixture
fromStart"
session_9_player1,sampleJointGoalAndSignal_afterNewGoal,0.845130494428039,"sampleJointGoal+Signal
afterNewGoal"
session_9_player1,sampleJointGoalAndSignal_fromStart,0.7825026994641902,"sampleJointGoal+Signal
fromStart"
session_9_player1,sampleJointGoal_afterNewGoal,0.7435627667495203,"sampleJointGoal
afterNewGoal"
session_9_player1,samplePosteriorOnlyGoalAndSignal_fromStart,0.8444859291396573,"samplePosteriorOnlyGoal+Signal
fromStart"
session_9_player2,TwoStageSignalAgent_sigmoidThreshold,0.8236370997593637,"TwoStageSignal
sigmoidThreshold"
session_9_player2,sampleJointGoalAndRSASignal_fromStart,0.8071660433903766,"shared-agency
communicative
action mixture
fromStart"
session_9_player2,sampleJointGoalAndSignal_afterNewGoal,0.6887047103301068,"sampleJointGoal+Signal
afterNewGoal"
session_9_player2,sampleJointGoalAndSignal_fromStart,0.7285064471687314,"sampleJointGoal+Signal
fromStart"
session_9_player2,sampleJointGoal_afterNewGoal,0.7650834293906376,"sampleJointGoal
afterNewGoal"
session_9_player2,samplePosteriorOnlyGoalAndSignal_fromStart,0.8306725980828862,"samplePosteriorOnlyGoal+Signal
fromStart"
