lambda,alpha,commitment_nll,signaling_nll,binomial_nll,sim_commitment_human_weighted_average,sim_signaling_human_weighted_average,sim_commitment_equal_to_both,sim_signaling_equal_to_both,raw_trials,fit_stage,average_success_percent,average_efficiency_percent,average_commitment_percent,average_signaling_percent,equal_success_percent,equal_efficiency_percent,equal_commitment_percent,equal_signaling_percent
0.0,0.0,223.50483536577877,197.97897338457645,421.48380875035525,0.6470657276995304,0.3357259009497207,0.42777777777777776,0.3558282208588957,/Users/chengshaozhe/Documents/DukeECClab/code/multiplePlayerGridGame_socketIO/dataAnalysis/raw_data/model_model_simulations/signal_agent/from_start_rsa_unshaped_jointrl_lambda_alpha_fit/always_signal_vs_always_signal_2p3g_raw_trials_beta_3_lambda_0_alpha_0_sessions_0_to_29.json.zst,available_raw,95.0,75.18518236260049,64.0376984126984,33.42261904761904,97.77777777777777,86.41930248854268,39.44444444444445,34.72222222222222
0.0,0.5,233.6653326498402,190.59926254600458,424.2645951958448,0.5525821596244131,0.37281654563601824,0.3111111111111111,0.44805194805194803,/Users/chengshaozhe/Documents/DukeECClab/code/multiplePlayerGridGame_socketIO/dataAnalysis/raw_data/model_model_simulations/signal_agent/from_start_rsa_unshaped_jointrl_lambda_alpha_fit/always_signal_vs_always_signal_2p3g_raw_trials_beta_3_lambda_0_alpha_0p5_sessions_0_to_29.json.zst,available_raw,93.61111111111111,63.43918007322531,52.78439153439154,36.709656084656075,91.11111111111111,71.18818692841685,25.27777777777778,45.83333333333333
0.0,1.0,249.44215001685683,206.92581431884088,456.3679643356977,0.4582159624413145,0.3182038498822877,0.23333333333333334,0.4819277108433735,/Users/chengshaozhe/Documents/DukeECClab/code/multiplePlayerGridGame_socketIO/dataAnalysis/raw_data/model_model_simulations/signal_agent/from_start_rsa_unshaped_jointrl_lambda_alpha_fit/always_signal_vs_always_signal_2p3g_raw_trials_beta_3_lambda_0_alpha_1_sessions_0_to_29.json.zst,available_raw,90.27777777777779,61.08198068694374,44.54365079365079,30.6547619047619,93.33333333333333,75.43413049404327,23.055555555555554,48.333333333333336
0.0,2.0,259.2588940124177,203.11253743415796,462.3714314465757,0.42464788732394365,0.3354288623066339,0.20555555555555555,0.5061728395061729,/Users/chengshaozhe/Documents/DukeECClab/code/multiplePlayerGridGame_socketIO/dataAnalysis/raw_data/model_model_simulations/signal_agent/from_start_rsa_unshaped_jointrl_lambda_alpha_fit/always_signal_vs_always_signal_2p3g_raw_trials_beta_3_lambda_0_alpha_2_sessions_0_to_29.json.zst,available_raw,88.61111111111111,60.4974703289838,41.63029100529101,32.12632275132275,91.11111111111111,71.3434704841613,16.944444444444446,49.99999999999999
0.0,3.0,248.402547652682,195.0691135438533,443.47166119653525,0.447300469483568,0.3690284675106666,0.2388888888888889,0.5294117647058824,/Users/chengshaozhe/Documents/DukeECClab/code/multiplePlayerGridGame_socketIO/dataAnalysis/raw_data/model_model_simulations/signal_agent/from_start_rsa_unshaped_jointrl_lambda_alpha_fit/always_signal_vs_always_signal_2p3g_raw_trials_beta_3_lambda_0_alpha_3_sessions_0_to_29.json.zst,available_raw,91.66666666666666,59.95845300120329,44.35515873015872,36.08465608465608,91.11111111111111,70.42036090801699,21.944444444444443,51.388888888888886
0.0,5.0,272.2564113785945,200.86571736412466,473.12212874271916,0.432433489827856,0.3465293449013012,0.17222222222222222,0.5029940119760479,/Users/chengshaozhe/Documents/DukeECClab/code/multiplePlayerGridGame_socketIO/dataAnalysis/raw_data/model_model_simulations/signal_agent/from_start_rsa_unshaped_jointrl_lambda_alpha_fit/always_signal_vs_always_signal_2p3g_raw_trials_beta_3_lambda_0_alpha_5_sessions_0_to_29.json.zst,available_raw,88.88888888888889,60.406494796024255,43.09854497354497,33.73015873015873,90.0,71.69926503113686,15.833333333333332,50.55555555555556
0.0,8.0,265.85235472976143,193.87913130050794,459.73148603026937,0.41764475743348983,0.36046837221554673,0.18888888888888888,0.4759036144578313,/Users/chengshaozhe/Documents/DukeECClab/code/multiplePlayerGridGame_socketIO/dataAnalysis/raw_data/model_model_simulations/signal_agent/from_start_rsa_unshaped_jointrl_lambda_alpha_fit/always_signal_vs_always_signal_2p3g_raw_trials_beta_3_lambda_0_alpha_8_sessions_0_to_29.json.zst,available_raw,87.5,59.0030810453013,41.23015873015873,35.55224867724867,90.0,66.16719660253821,17.5,48.05555555555555
0.05,0.0,204.91576843129025,192.62209702212348,397.5378654534137,0.7022691705790298,0.3608121117581952,0.5833333333333334,0.40963855421686746,/Users/chengshaozhe/Documents/DukeECClab/code/multiplePlayerGridGame_socketIO/dataAnalysis/raw_data/model_model_simulations/signal_agent/from_start_rsa_unshaped_jointrl_lambda_alpha_fit/always_signal_vs_always_signal_2p3g_raw_trials_beta_3_lambda_0p05_alpha_0_sessions_0_to_29.json.zst,available_raw,93.33333333333333,79.98250008297067,70.47949735449735,35.79034391534392,98.88888888888889,88.688541182195,57.22222222222222,40.0
0.05,0.5,233.14291268223903,191.37059982072412,424.5135125029632,0.6135367762128324,0.38026462162388386,0.3611111111111111,0.49696969696969695,/Users/chengshaozhe/Documents/DukeECClab/code/multiplePlayerGridGame_socketIO/dataAnalysis/raw_data/model_model_simulations/signal_agent/from_start_rsa_unshaped_jointrl_lambda_alpha_fit/always_signal_vs_always_signal_2p3g_raw_trials_beta_3_lambda_0p05_alpha_0p5_sessions_0_to_29.json.zst,available_raw,93.33333333333333,71.77176869295077,60.916005291005284,37.6521164021164,96.66666666666667,83.2437819915245,35.0,51.388888888888886
0.05,1.0,215.00587241743656,197.20002718639702,412.2058996038336,0.591471048513302,0.35163036016361887,0.4111111111111111,0.47058823529411764,/Users/chengshaozhe/Documents/DukeECClab/code/multiplePlayerGridGame_socketIO/dataAnalysis/raw_data/model_model_simulations/signal_agent/from_start_rsa_unshaped_jointrl_lambda_alpha_fit/always_signal_vs_always_signal_2p3g_raw_trials_beta_3_lambda_0p05_alpha_1_sessions_0_to_29.json.zst,available_raw,92.22222222222223,71.19568627986797,58.766534391534385,34.59656084656084,94.44444444444444,81.20682728218456,40.555555555555564,47.22222222222222
0.05,2.0,237.79970371406228,192.96732853744214,430.7670322515044,0.5359154929577464,0.3694786679951075,0.28888888888888886,0.5,/Users/chengshaozhe/Documents/DukeECClab/code/multiplePlayerGridGame_socketIO/dataAnalysis/raw_data/model_model_simulations/signal_agent/from_start_rsa_unshaped_jointrl_lambda_alpha_fit/always_signal_vs_always_signal_2p3g_raw_trials_beta_3_lambda_0p05_alpha_2_sessions_0_to_29.json.zst,available_raw,93.05555555555556,71.04857100045729,53.75,36.23677248677248,94.44444444444444,81.84519069619354,28.05555555555556,50.55555555555554
0.05,3.0,223.46538461650772,195.95774403061512,419.42312864712284,0.5394366197183098,0.3630589161018631,0.34444444444444444,0.4911242603550296,/Users/chengshaozhe/Documents/DukeECClab/code/multiplePlayerGridGame_socketIO/dataAnalysis/raw_data/model_model_simulations/signal_agent/from_start_rsa_unshaped_jointrl_lambda_alpha_fit/always_signal_vs_always_signal_2p3g_raw_trials_beta_3_lambda_0p05_alpha_3_sessions_0_to_29.json.zst,available_raw,91.94444444444444,69.69802190292698,54.19642857142857,35.770502645502646,95.55555555555556,79.17271888984153,33.33333333333333,49.44444444444444
0.05,5.0,220.8883835829174,196.681719980205,417.5701035631224,0.536189358372457,0.3494665973178226,0.3611111111111111,0.4619883040935672,/Users/chengshaozhe/Documents/DukeECClab/code/multiplePlayerGridGame_socketIO/dataAnalysis/raw_data/model_model_simulations/signal_agent/from_start_rsa_unshaped_jointrl_lambda_alpha_fit/always_signal_vs_always_signal_2p3g_raw_trials_beta_3_lambda_0p05_alpha_5_sessions_0_to_29.json.zst,available_raw,91.94444444444444,67.53170925391336,53.92526455026455,34.47089947089947,91.11111111111111,74.37253172802235,35.55555555555555,46.388888888888886
0.05,8.0,225.90439358808243,190.2773875666152,416.18178115469766,0.5210876369327074,0.4083754183392158,0.3277777777777778,0.563953488372093,/Users/chengshaozhe/Documents/DukeECClab/code/multiplePlayerGridGame_socketIO/dataAnalysis/raw_data/model_model_simulations/signal_agent/from_start_rsa_unshaped_jointrl_lambda_alpha_fit/always_signal_vs_always_signal_2p3g_raw_trials_beta_3_lambda_0p05_alpha_8_sessions_0_to_29.json.zst,available_raw,91.94444444444444,68.93186740571316,52.36772486772486,40.00330687830687,96.66666666666667,74.8499402422001,31.66666666666666,55.833333333333336
0.1,0.0,201.30013173577018,189.92305010270047,391.2231818384706,0.7705790297339593,0.3820275470096545,0.7277777777777777,0.41139240506329117,/Users/chengshaozhe/Documents/DukeECClab/code/multiplePlayerGridGame_socketIO/dataAnalysis/raw_data/model_model_simulations/signal_agent/from_start_rsa_unshaped_jointrl_lambda_alpha_fit/always_signal_vs_always_signal_2p3g_raw_trials_beta_3_lambda_0p1_alpha_0_sessions_0_to_29.json.zst,available_raw,94.72222222222221,83.45065148134708,77.43055555555554,38.11838624338624,100.0,92.97304932721599,72.5,40.83333333333333
0.1,0.5,214.44027464527608,187.59682673055232,402.0371013758284,0.6856025039123631,0.3931663141082821,0.5166666666666667,0.45454545454545453,/Users/chengshaozhe/Documents/DukeECClab/code/multiplePlayerGridGame_socketIO/dataAnalysis/raw_data/model_model_simulations/signal_agent/from_start_rsa_unshaped_jointrl_lambda_alpha_fit/always_signal_vs_always_signal_2p3g_raw_trials_beta_3_lambda_0p1_alpha_0p5_sessions_0_to_29.json.zst,available_raw,95.55555555555556,79.27880654593383,68.32010582010582,39.20965608465608,98.88888888888889,87.03957293089134,48.61111111111112,45.27777777777777
0.1,1.0,215.6320916132991,199.2293479089971,414.8614395222962,0.6836854460093896,0.3431662690178463,0.5111111111111111,0.4764705882352941,/Users/chengshaozhe/Documents/DukeECClab/code/multiplePlayerGridGame_socketIO/dataAnalysis/raw_data/model_model_simulations/signal_agent/from_start_rsa_unshaped_jointrl_lambda_alpha_fit/always_signal_vs_always_signal_2p3g_raw_trials_beta_3_lambda_0p1_alpha_1_sessions_0_to_29.json.zst,available_raw,93.05555555555556,78.4869852744161,68.35317460317462,33.51190476190476,95.55555555555556,85.89900746589343,50.0,47.22222222222222
0.1,2.0,209.54258202693256,197.9321188508797,407.47470087781227,0.6525039123630674,0.3469334098886512,0.49444444444444446,0.4879518072289157,/Users/chengshaozhe/Documents/DukeECClab/code/multiplePlayerGridGame_socketIO/dataAnalysis/raw_data/model_model_simulations/signal_agent/from_start_rsa_unshaped_jointrl_lambda_alpha_fit/always_signal_vs_always_signal_2p3g_raw_trials_beta_3_lambda_0p1_alpha_2_sessions_0_to_29.json.zst,available_raw,92.77777777777779,78.51833877324484,65.26455026455025,34.163359788359784,94.44444444444444,87.15519306115283,46.94444444444444,49.44444444444444
0.1,3.0,205.31592162843066,194.29505859478817,399.6109802232188,0.5949921752738655,0.3811517766815216,0.46111111111111114,0.5602409638554217,/Users/chengshaozhe/Documents/DukeECClab/code/multiplePlayerGridGame_socketIO/dataAnalysis/raw_data/model_model_simulations/signal_agent/from_start_rsa_unshaped_jointrl_lambda_alpha_fit/always_signal_vs_always_signal_2p3g_raw_trials_beta_3_lambda_0p1_alpha_3_sessions_0_to_29.json.zst,available_raw,94.16666666666667,76.7480338820383,59.566798941798936,37.04695767195767,95.55555555555556,88.9581564722496,43.61111111111111,55.83333333333334
0.1,5.0,204.89668647134886,193.12951934046623,398.0262058118151,0.5803990610328638,0.37463060813329774,0.46111111111111114,0.5063291139240507,/Users/chengshaozhe/Documents/DukeECClab/code/multiplePlayerGridGame_socketIO/dataAnalysis/raw_data/model_model_simulations/signal_agent/from_start_rsa_unshaped_jointrl_lambda_alpha_fit/always_signal_vs_always_signal_2p3g_raw_trials_beta_3_lambda_0p1_alpha_5_sessions_0_to_29.json.zst,available_raw,92.5,76.18382250687904,58.28042328042328,36.2797619047619,93.33333333333333,88.40826047137321,46.11111111111111,50.27777777777778
0.1,8.0,203.11123225397822,192.782600671639,395.8938329256172,0.56858372456964,0.38206918076542257,0.46111111111111114,0.5375,/Users/chengshaozhe/Documents/DukeECClab/code/multiplePlayerGridGame_socketIO/dataAnalysis/raw_data/model_model_simulations/signal_agent/from_start_rsa_unshaped_jointrl_lambda_alpha_fit/always_signal_vs_always_signal_2p3g_raw_trials_beta_3_lambda_0p1_alpha_8_sessions_0_to_29.json.zst,available_raw,90.83333333333333,75.50154348342294,57.159391534391524,36.845238095238095,96.66666666666667,85.8242174061879,45.55555555555556,53.333333333333336
0.15,0.0,213.341198479613,186.82713475929233,400.16833323890535,0.8187010954616588,0.40194880275927924,0.7833333333333333,0.4382716049382716,/Users/chengshaozhe/Documents/DukeECClab/code/multiplePlayerGridGame_socketIO/dataAnalysis/raw_data/model_model_simulations/signal_agent/from_start_rsa_unshaped_jointrl_lambda_alpha_fit/always_signal_vs_always_signal_2p3g_raw_trials_beta_3_lambda_0p15_alpha_0_sessions_0_to_29.json.zst,available_raw,95.83333333333334,86.17545072397431,82.12632275132275,39.94708994708995,98.88888888888889,94.80813476646811,79.44444444444444,44.44444444444444
0.15,0.5,206.11869717101328,191.00676035320294,397.12545752421624,0.7279733959311424,0.37136591955714804,0.6222222222222222,0.45625,/Users/chengshaozhe/Documents/DukeECClab/code/multiplePlayerGridGame_socketIO/dataAnalysis/raw_data/model_model_simulations/signal_agent/from_start_rsa_unshaped_jointrl_lambda_alpha_fit/always_signal_vs_always_signal_2p3g_raw_trials_beta_3_lambda_0p15_alpha_0p5_sessions_0_to_29.json.zst,available_raw,96.11111111111111,83.04892551077826,73.78306878306877,36.742724867724874,98.88888888888889,91.83117769576103,63.888888888888886,44.722222222222214
0.15,1.0,199.72285099644546,192.25059637565,391.97344737209545,0.7092331768388106,0.37277859018507165,0.6277777777777778,0.5,/Users/chengshaozhe/Documents/DukeECClab/code/multiplePlayerGridGame_socketIO/dataAnalysis/raw_data/model_model_simulations/signal_agent/from_start_rsa_unshaped_jointrl_lambda_alpha_fit/always_signal_vs_always_signal_2p3g_raw_trials_beta_3_lambda_0p15_alpha_1_sessions_0_to_29.json.zst,available_raw,94.16666666666667,81.50461532291054,71.38888888888889,36.669973544973544,97.77777777777777,89.15431171793063,62.22222222222222,49.722222222222214
0.15,2.0,187.0837998230859,195.76792942990244,382.8517292529883,0.6870500782472613,0.34625059166221644,0.6666666666666666,0.43452380952380953,/Users/chengshaozhe/Documents/DukeECClab/code/multiplePlayerGridGame_socketIO/dataAnalysis/raw_data/model_model_simulations/signal_agent/from_start_rsa_unshaped_jointrl_lambda_alpha_fit/always_signal_vs_always_signal_2p3g_raw_trials_beta_3_lambda_0p15_alpha_2_sessions_0_to_29.json.zst,available_raw,92.22222222222223,81.53320830105349,69.31216931216929,34.282407407407405,95.55555555555556,90.88646186640253,68.61111111111111,44.16666666666666
0.15,3.0,190.99151312331725,192.9379484234478,383.9294615467651,0.667018779342723,0.3721571252237444,0.6166666666666667,0.5123456790123457,/Users/chengshaozhe/Documents/DukeECClab/code/multiplePlayerGridGame_socketIO/dataAnalysis/raw_data/model_model_simulations/signal_agent/from_start_rsa_unshaped_jointrl_lambda_alpha_fit/always_signal_vs_always_signal_2p3g_raw_trials_beta_3_lambda_0p15_alpha_3_sessions_0_to_29.json.zst,available_raw,91.94444444444444,80.75516765182095,67.79100529100528,36.511243386243386,94.44444444444444,90.82571648051525,64.44444444444444,50.27777777777778
0.15,5.0,194.2655912110607,191.61002653042704,385.87561774148776,0.6522691705790297,0.3724497990761662,0.5777777777777777,0.4759036144578313,/Users/chengshaozhe/Documents/DukeECClab/code/multiplePlayerGridGame_socketIO/dataAnalysis/raw_data/model_model_simulations/signal_agent/from_start_rsa_unshaped_jointrl_lambda_alpha_fit/always_signal_vs_always_signal_2p3g_raw_trials_beta_3_lambda_0p15_alpha_5_sessions_0_to_29.json.zst,available_raw,92.77777777777779,80.51711136961039,65.60185185185185,36.34259259259258,96.66666666666667,87.63930512498624,57.49999999999999,46.944444444444436
0.15,8.0,196.7123648294068,186.90510959383815,383.61747442324497,0.6152973395931143,0.41395823945015453,0.5277777777777778,0.5555555555555556,/Users/chengshaozhe/Documents/DukeECClab/code/multiplePlayerGridGame_socketIO/dataAnalysis/raw_data/model_model_simulations/signal_agent/from_start_rsa_unshaped_jointrl_lambda_alpha_fit/always_signal_vs_always_signal_2p3g_raw_trials_beta_3_lambda_0p15_alpha_8_sessions_0_to_29.json.zst,available_raw,92.77777777777779,80.02426877213452,61.95436507936508,40.56216931216931,97.77777777777777,91.05385974439123,51.66666666666667,56.666666666666664
0.3,0.0,201.08706352211078,191.0137236627066,392.10078718481736,0.8166275430359938,0.37098776979106407,0.8444444444444444,0.4482758620689655,/Users/chengshaozhe/Documents/DukeECClab/code/multiplePlayerGridGame_socketIO/dataAnalysis/raw_data/model_model_simulations/signal_agent/from_start_rsa_unshaped_jointrl_lambda_alpha_fit/always_signal_vs_always_signal_2p3g_raw_trials_beta_3_lambda_0p3_alpha_0_sessions_0_to_29.json.zst,available_raw,93.88888888888889,88.93604328764226,81.57407407407408,36.782407407407405,100.0,98.22474747474747,85.27777777777777,45.0
0.3,0.5,200.54744502155347,186.4735705343474,387.0210155559009,0.7906885758998435,0.40128787635396895,0.7777777777777778,0.47337278106508873,/Users/chengshaozhe/Documents/DukeECClab/code/multiplePlayerGridGame_socketIO/dataAnalysis/raw_data/model_model_simulations/signal_agent/from_start_rsa_unshaped_jointrl_lambda_alpha_fit/always_signal_vs_always_signal_2p3g_raw_trials_beta_3_lambda_0p3_alpha_0p5_sessions_0_to_29.json.zst,available_raw,95.0,88.0609866232386,79.0542328042328,39.332010582010575,98.88888888888889,96.88373740457077,78.33333333333331,46.944444444444436
0.3,1.0,201.89688580338176,192.9617248192625,394.8586106226443,0.7721048513302033,0.3597277342818366,0.7333333333333333,0.4318181818181818,/Users/chengshaozhe/Documents/DukeECClab/code/multiplePlayerGridGame_socketIO/dataAnalysis/raw_data/model_model_simulations/signal_agent/from_start_rsa_unshaped_jointrl_lambda_alpha_fit/always_signal_vs_always_signal_2p3g_raw_trials_beta_3_lambda_0p3_alpha_1_sessions_0_to_29.json.zst,available_raw,96.11111111111111,87.28427191854593,76.82870370370368,35.67129629629628,100.0,96.7772476873354,73.88888888888889,43.05555555555554
0.3,2.0,192.68951930178565,193.47014727742766,386.1596665792133,0.7428794992175274,0.36013541900848717,0.7277777777777777,0.46296296296296297,/Users/chengshaozhe/Documents/DukeECClab/code/multiplePlayerGridGame_socketIO/dataAnalysis/raw_data/model_model_simulations/signal_agent/from_start_rsa_unshaped_jointrl_lambda_alpha_fit/always_signal_vs_always_signal_2p3g_raw_trials_beta_3_lambda_0p3_alpha_2_sessions_0_to_29.json.zst,available_raw,94.72222222222221,87.0836125204852,74.92724867724867,35.35714285714285,98.88888888888889,96.58032903008394,74.72222222222221,46.1111111111111
0.3,3.0,189.21489300457415,187.37197871022784,376.586871714802,0.71858372456964,0.4011164274322169,0.7,0.5131578947368421,/Users/chengshaozhe/Documents/DukeECClab/code/multiplePlayerGridGame_socketIO/dataAnalysis/raw_data/model_model_simulations/signal_agent/from_start_rsa_unshaped_jointrl_lambda_alpha_fit/always_signal_vs_always_signal_2p3g_raw_trials_beta_3_lambda_0p3_alpha_3_sessions_0_to_29.json.zst,available_raw,95.27777777777777,86.74972112280615,73.39947089947088,39.107142857142854,98.88888888888889,96.87357534106762,72.49999999999999,50.83333333333333
0.3,4.25,182.80938137561674,186.20910581188613,369.01848718750284,0.6943661971830987,0.4086490382165675,0.7111111111111111,0.5194805194805194,/Users/chengshaozhe/Documents/DukeECClab/code/multiplePlayerGridGame_socketIO/dataAnalysis/raw_data/model_model_simulations/signal_agent/from_start_rsa_unshaped_jointrl_lambda_alpha_fit/always_signal_vs_always_signal_2p3g_raw_trials_beta_3_lambda_0p3_alpha_4p25_sessions_0_to_29.json.zst,available_raw,94.16666666666667,86.81816080129494,70.67791005291005,39.738756613756614,98.88888888888889,97.82181918146829,75.0,51.66666666666667
0.3,5.0,183.0775698446161,187.38088222845764,370.4584520730738,0.6870892018779341,0.3979358516825596,0.7,0.4810126582278481,/Users/chengshaozhe/Documents/DukeECClab/code/multiplePlayerGridGame_socketIO/dataAnalysis/raw_data/model_model_simulations/signal_agent/from_start_rsa_unshaped_jointrl_lambda_alpha_fit/always_signal_vs_always_signal_2p3g_raw_trials_beta_3_lambda_0p3_alpha_5_sessions_0_to_29.json.zst,available_raw,92.77777777777779,86.67847974640345,69.69907407407408,38.78968253968254,98.88888888888889,97.44917582417582,73.33333333333333,47.5
0.3,5.5,185.79043355756983,187.05435738138976,372.8447909389596,0.6795774647887324,0.4035203582553651,0.6666666666666666,0.5131578947368421,/Users/chengshaozhe/Documents/DukeECClab/code/multiplePlayerGridGame_socketIO/dataAnalysis/raw_data/model_model_simulations/signal_agent/from_start_rsa_unshaped_jointrl_lambda_alpha_fit/always_signal_vs_always_signal_2p3g_raw_trials_beta_3_lambda_0p3_alpha_5p5_sessions_0_to_29.json.zst,available_raw,93.05555555555556,87.42226856586977,69.12037037037037,38.99801587301587,97.77777777777777,97.64682539682538,69.72222222222223,50.55555555555556
0.3,6.75,186.80196826576974,187.41706677846895,374.2190350442387,0.6851330203442879,0.40380540596057835,0.6666666666666666,0.5256410256410257,/Users/chengshaozhe/Documents/DukeECClab/code/multiplePlayerGridGame_socketIO/dataAnalysis/raw_data/model_model_simulations/signal_agent/from_start_rsa_unshaped_jointrl_lambda_alpha_fit/always_signal_vs_always_signal_2p3g_raw_trials_beta_3_lambda_0p3_alpha_6p75_sessions_0_to_29.json.zst,available_raw,93.05555555555556,87.21913985424901,69.54034391534391,39.29563492063492,97.77777777777777,97.81659012928363,67.5,51.388888888888886
0.3,8.0,184.85624444672663,190.72145133098735,375.577695777714,0.6647887323943662,0.38032835289077854,0.6555555555555556,0.4875,/Users/chengshaozhe/Documents/DukeECClab/code/multiplePlayerGridGame_socketIO/dataAnalysis/raw_data/model_model_simulations/signal_agent/from_start_rsa_unshaped_jointrl_lambda_alpha_fit/always_signal_vs_always_signal_2p3g_raw_trials_beta_3_lambda_0p3_alpha_8_sessions_0_to_29.json.zst,available_raw,92.5,87.83384178374182,67.59589947089947,37.25859788359788,97.77777777777777,98.21428502697852,66.66666666666666,48.05555555555555
0.475,3.0,181.0571594178776,192.79962776734482,373.8567871852224,0.7348982785602504,0.3660557391350388,0.8,0.48125,/Users/chengshaozhe/Documents/DukeECClab/code/multiplePlayerGridGame_socketIO/dataAnalysis/raw_data/model_model_simulations/signal_agent/from_start_rsa_unshaped_jointrl_lambda_alpha_fit/always_signal_vs_always_signal_2p3g_raw_trials_beta_3_lambda_0p475_alpha_3_sessions_0_to_29.json.zst,available_raw,92.77777777777779,89.32314754560383,74.9206349206349,35.34391534391534,100.0,99.35576923076924,84.44444444444444,47.77777777777778
0.475,4.25,176.49386284433135,187.94666087448473,364.44052371881605,0.6903364632237872,0.40482076135508377,0.7722222222222223,0.54375,/Users/chengshaozhe/Documents/DukeECClab/code/multiplePlayerGridGame_socketIO/dataAnalysis/raw_data/model_model_simulations/signal_agent/from_start_rsa_unshaped_jointrl_lambda_alpha_fit/always_signal_vs_always_signal_2p3g_raw_trials_beta_3_lambda_0p475_alpha_4p25_sessions_0_to_29.json.zst,available_raw,94.16666666666667,88.69237341422516,70.1984126984127,39.523809523809526,100.0,99.27831196581197,80.55555555555554,54.166666666666664
0.475,5.5,175.42667409383836,187.94620718221194,363.3728812760503,0.6828247261345852,0.3965537993154208,0.7777777777777778,0.5063291139240507,/Users/chengshaozhe/Documents/DukeECClab/code/multiplePlayerGridGame_socketIO/dataAnalysis/raw_data/model_model_simulations/signal_agent/from_start_rsa_unshaped_jointrl_lambda_alpha_fit/always_signal_vs_always_signal_2p3g_raw_trials_beta_3_lambda_0p475_alpha_5p5_sessions_0_to_29.json.zst,available_raw,92.5,88.80013203365971,69.265873015873,38.49867724867725,100.0,99.33262108262107,80.83333333333333,50.0
0.475,6.75,177.0986142199123,187.718934064878,364.8175482847903,0.6719874804381847,0.3957910456126865,0.7388888888888889,0.5,/Users/chengshaozhe/Documents/DukeECClab/code/multiplePlayerGridGame_socketIO/dataAnalysis/raw_data/model_model_simulations/signal_agent/from_start_rsa_unshaped_jointrl_lambda_alpha_fit/always_signal_vs_always_signal_2p3g_raw_trials_beta_3_lambda_0p475_alpha_6p75_sessions_0_to_29.json.zst,available_raw,92.77777777777779,87.91154826915788,68.17791005291002,38.637566137566125,100.0,98.18585934762405,73.6111111111111,48.888888888888886
0.475,8.0,177.8697207391748,188.43790514188558,366.3076258810604,0.6700704225352113,0.3907873291330297,0.7277777777777777,0.4810126582278481,/Users/chengshaozhe/Documents/DukeECClab/code/multiplePlayerGridGame_socketIO/dataAnalysis/raw_data/model_model_simulations/signal_agent/from_start_rsa_unshaped_jointrl_lambda_alpha_fit/always_signal_vs_always_signal_2p3g_raw_trials_beta_3_lambda_0p475_alpha_8_sessions_0_to_29.json.zst,available_raw,93.33333333333333,88.30906640261216,67.94642857142857,38.290343915343904,100.0,98.19589560766032,72.22222222222221,47.22222222222222
0.5,0.0,210.36574098602946,193.21792650920742,403.5836674952369,0.8480829420970266,0.36429632304519055,0.8888888888888888,0.47126436781609193,/Users/chengshaozhe/Documents/DukeECClab/code/multiplePlayerGridGame_socketIO/dataAnalysis/raw_data/model_model_simulations/signal_agent/from_start_rsa_unshaped_jointrl_lambda_alpha_fit/always_signal_vs_always_signal_2p3g_raw_trials_beta_3_lambda_0p5_alpha_0_sessions_0_to_29.json.zst,available_raw,95.55555555555556,89.13876738967194,85.04629629629629,36.041666666666664,100.0,98.93243793243794,89.16666666666667,47.22222222222222
0.5,0.5,212.3941378891928,187.37279738854465,399.76693527773745,0.8206572769953051,0.3948530660777986,0.8,0.4642857142857143,/Users/chengshaozhe/Documents/DukeECClab/code/multiplePlayerGridGame_socketIO/dataAnalysis/raw_data/model_model_simulations/signal_agent/from_start_rsa_unshaped_jointrl_lambda_alpha_fit/always_signal_vs_always_signal_2p3g_raw_trials_beta_3_lambda_0p5_alpha_0p5_sessions_0_to_29.json.zst,available_raw,96.11111111111111,89.17138967734205,82.20238095238095,38.80621693121694,98.88888888888889,99.5386557886558,80.27777777777777,46.11111111111111
0.5,1.0,195.1144680435338,190.83127686421736,385.9457449077512,0.7811815336463224,0.377850042237676,0.7944444444444444,0.4942528735632184,/Users/chengshaozhe/Documents/DukeECClab/code/multiplePlayerGridGame_socketIO/dataAnalysis/raw_data/model_model_simulations/signal_agent/from_start_rsa_unshaped_jointrl_lambda_alpha_fit/always_signal_vs_always_signal_2p3g_raw_trials_beta_3_lambda_0p5_alpha_1_sessions_0_to_29.json.zst,available_raw,96.11111111111111,88.78541043484002,78.47222222222221,37.199074074074076,98.88888888888889,98.94330206830206,80.55555555555556,48.88888888888889
0.5,2.0,184.94883933216798,186.52258813239908,371.47142746456706,0.7755868544600938,0.40279143281521396,0.8666666666666667,0.49404761904761907,/Users/chengshaozhe/Documents/DukeECClab/code/multiplePlayerGridGame_socketIO/dataAnalysis/raw_data/model_model_simulations/signal_agent/from_start_rsa_unshaped_jointrl_lambda_alpha_fit/always_signal_vs_always_signal_2p3g_raw_trials_beta_3_lambda_0p5_alpha_2_sessions_0_to_29.json.zst,available_raw,94.72222222222221,89.09126437471734,78.41269841269842,39.63624338624338,100.0,99.30882352941177,88.05555555555554,49.72222222222223
0.5,3.0,182.47082211750674,192.50086241732893,374.9716845348357,0.744170579029734,0.36428424660415065,0.8055555555555556,0.45625,/Users/chengshaozhe/Documents/DukeECClab/code/multiplePlayerGridGame_socketIO/dataAnalysis/raw_data/model_model_simulations/signal_agent/from_start_rsa_unshaped_jointrl_lambda_alpha_fit/always_signal_vs_always_signal_2p3g_raw_trials_beta_3_lambda_0p5_alpha_3_sessions_0_to_29.json.zst,available_raw,93.61111111111111,89.41078284901295,75.7308201058201,35.320767195767196,100.0,99.00391737891738,84.16666666666666,44.72222222222222
0.5,5.0,177.22797890808175,186.3380156718617,363.56599457994344,0.7034037558685445,0.40917798676419365,0.7833333333333333,0.5,/Users/chengshaozhe/Documents/DukeECClab/code/multiplePlayerGridGame_socketIO/dataAnalysis/raw_data/model_model_simulations/signal_agent/from_start_rsa_unshaped_jointrl_lambda_alpha_fit/always_signal_vs_always_signal_2p3g_raw_trials_beta_3_lambda_0p5_alpha_5_sessions_0_to_29.json.zst,available_raw,92.77777777777779,88.22229050001778,71.25330687830686,39.92063492063492,100.0,98.88817663817663,81.94444444444444,50.0
0.5,8.0,179.52697263531158,188.5007840788038,368.0277567141154,0.6644757433489827,0.3926087799188118,0.7055555555555556,0.4573170731707317,/Users/chengshaozhe/Documents/DukeECClab/code/multiplePlayerGridGame_socketIO/dataAnalysis/raw_data/model_model_simulations/signal_agent/from_start_rsa_unshaped_jointrl_lambda_alpha_fit/always_signal_vs_always_signal_2p3g_raw_trials_beta_3_lambda_0p5_alpha_8_sessions_0_to_29.json.zst,available_raw,93.88888888888889,88.1073824580769,67.17923280423278,38.941798941798936,100.0,98.88267288267289,70.83333333333334,45.0
0.65,3.0,181.73140286275583,190.44332285477464,372.17472571753046,0.735054773082942,0.3752475292230332,0.7944444444444444,0.43125,/Users/chengshaozhe/Documents/DukeECClab/code/multiplePlayerGridGame_socketIO/dataAnalysis/raw_data/model_model_simulations/signal_agent/from_start_rsa_unshaped_jointrl_lambda_alpha_fit/always_signal_vs_always_signal_2p3g_raw_trials_beta_3_lambda_0p65_alpha_3_sessions_0_to_29.json.zst,available_raw,93.61111111111111,89.58656295846276,74.80489417989416,36.5542328042328,98.88888888888889,99.49381078691422,82.49999999999999,41.94444444444444
0.65,4.25,176.9008653977823,184.85253936132912,361.7534047591114,0.694170579029734,0.425488731775389,0.7722222222222223,0.5297619047619048,/Users/chengshaozhe/Documents/DukeECClab/code/multiplePlayerGridGame_socketIO/dataAnalysis/raw_data/model_model_simulations/signal_agent/from_start_rsa_unshaped_jointrl_lambda_alpha_fit/always_signal_vs_always_signal_2p3g_raw_trials_beta_3_lambda_0p65_alpha_4p25_sessions_0_to_29.json.zst,available_raw,93.33333333333333,89.39990562166561,70.40343915343914,42.14285714285714,97.77777777777777,99.56857031857031,80.0,53.05555555555556
0.65,5.5,177.22457436550886,186.8628229894857,364.08739735499455,0.6811032863849764,0.40465576236541234,0.75,0.5060975609756098,/Users/chengshaozhe/Documents/DukeECClab/code/multiplePlayerGridGame_socketIO/dataAnalysis/raw_data/model_model_simulations/signal_agent/from_start_rsa_unshaped_jointrl_lambda_alpha_fit/always_signal_vs_always_signal_2p3g_raw_trials_beta_3_lambda_0p65_alpha_5p5_sessions_0_to_29.json.zst,available_raw,93.33333333333333,89.31955928762854,68.8227513227513,39.63624338624338,100.0,99.52602952602953,76.94444444444444,50.55555555555556
0.65,6.75,177.4311386621552,187.33355659217477,364.76469525433,0.6552816901408451,0.395983355724735,0.7166666666666667,0.48214285714285715,/Users/chengshaozhe/Documents/DukeECClab/code/multiplePlayerGridGame_socketIO/dataAnalysis/raw_data/model_model_simulations/signal_agent/from_start_rsa_unshaped_jointrl_lambda_alpha_fit/always_signal_vs_always_signal_2p3g_raw_trials_beta_3_lambda_0p65_alpha_6p75_sessions_0_to_29.json.zst,available_raw,93.05555555555556,88.74529277901178,66.04166666666666,39.24603174603174,100.0,99.30678580678581,71.38888888888889,47.77777777777777
0.65,8.0,177.77101430376302,188.93880563111608,366.7098199348791,0.6589593114241001,0.38879144482592765,0.7166666666666667,0.49404761904761907,/Users/chengshaozhe/Documents/DukeECClab/code/multiplePlayerGridGame_socketIO/dataAnalysis/raw_data/model_model_simulations/signal_agent/from_start_rsa_unshaped_jointrl_lambda_alpha_fit/always_signal_vs_always_signal_2p3g_raw_trials_beta_3_lambda_0p65_alpha_8_sessions_0_to_29.json.zst,available_raw,93.88888888888889,87.89504458696433,66.38888888888889,38.4589947089947,100.0,99.25628075628076,71.38888888888889,48.888888888888886
0.825,3.0,185.05149213047224,190.33271683952114,375.3842089699934,0.7499217527386541,0.37789141784784736,0.7944444444444444,0.463855421686747,/Users/chengshaozhe/Documents/DukeECClab/code/multiplePlayerGridGame_socketIO/dataAnalysis/raw_data/model_model_simulations/signal_agent/from_start_rsa_unshaped_jointrl_lambda_alpha_fit/always_signal_vs_always_signal_2p3g_raw_trials_beta_3_lambda_0p825_alpha_3_sessions_0_to_29.json.zst,available_raw,94.44444444444444,89.68795086453818,75.99537037037034,37.04034391534392,98.88888888888889,99.33139083139083,81.94444444444444,46.11111111111111
0.825,4.25,177.49797260402335,184.72776788622065,362.225740490244,0.6979655712050078,0.4250240500240501,0.7722222222222223,0.5238095238095238,/Users/chengshaozhe/Documents/DukeECClab/code/multiplePlayerGridGame_socketIO/dataAnalysis/raw_data/model_model_simulations/signal_agent/from_start_rsa_unshaped_jointrl_lambda_alpha_fit/always_signal_vs_always_signal_2p3g_raw_trials_beta_3_lambda_0p825_alpha_4p25_sessions_0_to_29.json.zst,available_raw,93.61111111111111,89.88636746348736,70.8664021164021,42.11970899470899,98.88888888888889,99.60916860916862,80.0,52.49999999999999
0.825,5.5,178.26484773745528,186.80914402189183,365.0739917593471,0.6904929577464789,0.4062038593802718,0.75,0.5120481927710844,/Users/chengshaozhe/Documents/DukeECClab/code/multiplePlayerGridGame_socketIO/dataAnalysis/raw_data/model_model_simulations/signal_agent/from_start_rsa_unshaped_jointrl_lambda_alpha_fit/always_signal_vs_always_signal_2p3g_raw_trials_beta_3_lambda_0p825_alpha_5p5_sessions_0_to_29.json.zst,available_raw,92.77777777777779,90.30916293069072,70.00330687830687,39.798280423280424,100.0,99.41491841491842,77.22222222222221,51.11111111111111
0.825,6.75,178.09222867636484,186.47298559355295,364.56521426991776,0.662754303599374,0.40336114099491027,0.7166666666666667,0.49404761904761907,/Users/chengshaozhe/Documents/DukeECClab/code/multiplePlayerGridGame_socketIO/dataAnalysis/raw_data/model_model_simulations/signal_agent/from_start_rsa_unshaped_jointrl_lambda_alpha_fit/always_signal_vs_always_signal_2p3g_raw_trials_beta_3_lambda_0p825_alpha_6p75_sessions_0_to_29.json.zst,available_raw,93.61111111111111,89.15974497825015,67.06018518518516,39.91732804232804,100.0,99.39937839937839,73.6111111111111,48.888888888888886
0.825,8.0,178.0551133887823,188.15670748078742,366.2118208695697,0.6720266040688576,0.3911923721674019,0.7277777777777777,0.48214285714285715,/Users/chengshaozhe/Documents/DukeECClab/code/multiplePlayerGridGame_socketIO/dataAnalysis/raw_data/model_model_simulations/signal_agent/from_start_rsa_unshaped_jointrl_lambda_alpha_fit/always_signal_vs_always_signal_2p3g_raw_trials_beta_3_lambda_0p825_alpha_8_sessions_0_to_29.json.zst,available_raw,93.88888888888889,89.01481144573137,67.9861111111111,38.73677248677248,100.0,99.1950271950272,74.72222222222223,47.77777777777777
1.0,0.0,218.64917401476828,193.07782945920732,411.7270034739756,0.8648278560250391,0.361131614949668,0.9055555555555556,0.4393063583815029,/Users/chengshaozhe/Documents/DukeECClab/code/multiplePlayerGridGame_socketIO/dataAnalysis/raw_data/model_model_simulations/signal_agent/from_start_rsa_unshaped_jointrl_lambda_alpha_fit/always_signal_vs_always_signal_2p3g_raw_trials_beta_3_lambda_1_alpha_0_sessions_0_to_29.json.zst,available_raw,96.11111111111111,90.34343801299335,86.75925925925925,35.74074074074075,100.0,99.86823361823363,90.83333333333333,43.888888888888886
1.0,0.5,220.69020925080645,186.31863603255215,407.0088452833586,0.848356807511737,0.4071385629469859,0.8388888888888889,0.5,/Users/chengshaozhe/Documents/DukeECClab/code/multiplePlayerGridGame_socketIO/dataAnalysis/raw_data/model_model_simulations/signal_agent/from_start_rsa_unshaped_jointrl_lambda_alpha_fit/always_signal_vs_always_signal_2p3g_raw_trials_beta_3_lambda_1_alpha_0p5_sessions_0_to_29.json.zst,available_raw,95.55555555555556,90.0200556653638,85.31084656084657,40.01322751322751,98.88888888888889,100.0,85.27777777777777,49.166666666666664
1.0,1.0,196.13880103198278,193.46579401917035,389.6045950511531,0.7996870109546166,0.3614323976987473,0.8333333333333334,0.46551724137931033,/Users/chengshaozhe/Documents/DukeECClab/code/multiplePlayerGridGame_socketIO/dataAnalysis/raw_data/model_model_simulations/signal_agent/from_start_rsa_unshaped_jointrl_lambda_alpha_fit/always_signal_vs_always_signal_2p3g_raw_trials_beta_3_lambda_1_alpha_1_sessions_0_to_29.json.zst,available_raw,95.55555555555556,89.72361145339816,80.46296296296295,35.76388888888889,97.77777777777777,99.68518518518519,84.44444444444444,46.38888888888889
1.0,2.0,188.58878342407277,186.266959155651,374.85574257972377,0.7683881064162754,0.40347538935283944,0.8055555555555556,0.4879518072289157,/Users/chengshaozhe/Documents/DukeECClab/code/multiplePlayerGridGame_socketIO/dataAnalysis/raw_data/model_model_simulations/signal_agent/from_start_rsa_unshaped_jointrl_lambda_alpha_fit/always_signal_vs_always_signal_2p3g_raw_trials_beta_3_lambda_1_alpha_2_sessions_0_to_29.json.zst,available_raw,94.16666666666667,89.83342884334948,77.08002645502646,39.61970899470899,98.88888888888889,99.41258741258743,81.66666666666666,49.72222222222223
1.0,3.0,183.9553701112951,190.47045579399276,374.42582590528787,0.7370109546165885,0.380964188238973,0.7777777777777778,0.47560975609756095,/Users/chengshaozhe/Documents/DukeECClab/code/multiplePlayerGridGame_socketIO/dataAnalysis/raw_data/model_model_simulations/signal_agent/from_start_rsa_unshaped_jointrl_lambda_alpha_fit/always_signal_vs_always_signal_2p3g_raw_trials_beta_3_lambda_1_alpha_3_sessions_0_to_29.json.zst,available_raw,93.61111111111111,89.33210834946948,74.51388888888887,37.07671957671957,97.77777777777777,99.52495780081988,79.72222222222223,46.388888888888886
1.0,4.25,179.68093603945067,184.56232804101597,364.24326408046664,0.6998826291079812,0.4311619893516445,0.75,0.5357142857142857,/Users/chengshaozhe/Documents/DukeECClab/code/multiplePlayerGridGame_socketIO/dataAnalysis/raw_data/model_model_simulations/signal_agent/from_start_rsa_unshaped_jointrl_lambda_alpha_fit/always_signal_vs_always_signal_2p3g_raw_trials_beta_3_lambda_1_alpha_4p25_sessions_0_to_29.json.zst,available_raw,92.5,90.14313536808577,71.05158730158728,42.72817460317461,98.88888888888889,99.23432123432124,77.77777777777779,53.61111111111111
1.0,5.0,178.61852006772995,186.52325792058915,365.14177798831906,0.6812989045383411,0.41362403556655464,0.7333333333333333,0.5426829268292683,/Users/chengshaozhe/Documents/DukeECClab/code/multiplePlayerGridGame_socketIO/dataAnalysis/raw_data/model_model_simulations/signal_agent/from_start_rsa_unshaped_jointrl_lambda_alpha_fit/always_signal_vs_always_signal_2p3g_raw_trials_beta_3_lambda_1_alpha_5_sessions_0_to_29.json.zst,available_raw,91.66666666666666,90.16220021527562,68.92857142857142,40.32738095238095,100.0,99.1939171939172,76.38888888888889,54.72222222222223
1.0,5.5,180.3966953020048,187.13276408444358,367.52945938644837,0.6905712050078247,0.4023358806047729,0.7277777777777777,0.5153374233128835,/Users/chengshaozhe/Documents/DukeECClab/code/multiplePlayerGridGame_socketIO/dataAnalysis/raw_data/model_model_simulations/signal_agent/from_start_rsa_unshaped_jointrl_lambda_alpha_fit/always_signal_vs_always_signal_2p3g_raw_trials_beta_3_lambda_1_alpha_5p5_sessions_0_to_29.json.zst,available_raw,93.05555555555556,89.8441984419167,69.98677248677247,39.2989417989418,100.0,99.10844710844711,74.99999999999999,51.11111111111112
1.0,6.75,180.63633404713545,188.7148283225507,369.3511623696861,0.6757824726134585,0.3948294064351913,0.7055555555555556,0.5212121212121212,/Users/chengshaozhe/Documents/DukeECClab/code/multiplePlayerGridGame_socketIO/dataAnalysis/raw_data/model_model_simulations/signal_agent/from_start_rsa_unshaped_jointrl_lambda_alpha_fit/always_signal_vs_always_signal_2p3g_raw_trials_beta_3_lambda_1_alpha_6p75_sessions_0_to_29.json.zst,available_raw,92.5,89.86738100230164,68.33333333333331,38.7334656084656,100.0,99.18492618492618,72.49999999999999,51.11111111111111
1.0,8.0,180.23087050446475,191.06377198453185,371.2946424889966,0.6813380281690141,0.37851808650525576,0.7166666666666667,0.503030303030303,/Users/chengshaozhe/Documents/DukeECClab/code/multiplePlayerGridGame_socketIO/dataAnalysis/raw_data/model_model_simulations/signal_agent/from_start_rsa_unshaped_jointrl_lambda_alpha_fit/always_signal_vs_always_signal_2p3g_raw_trials_beta_3_lambda_1_alpha_8_sessions_0_to_29.json.zst,available_raw,93.05555555555556,89.65390961918739,68.88888888888887,37.13624338624338,100.0,99.22766122766123,73.6111111111111,49.444444444444436
