lambda,p_signal,negative_log_likelihood
0.0,0.0,4462.022202747144
0.0,0.05,4494.85929588684
0.0,0.1,4532.204343262382
0.0,0.15,4574.23164075124
0.0,0.2,4621.18487590085
0.0,0.25,4673.387326609832
0.0,0.3,4731.256811759589
0.0,0.35,4795.327059927597
0.0,0.4,4866.278138116802
0.0,0.45,4944.980170939814
0.0,0.5,5032.557284547155
0.0,0.55,5130.483522525164
0.0,0.6,5240.731479195956
0.0,0.65,5366.01219972319
0.0,0.7,5510.1825902117
0.0,0.75,5678.983304966422
0.0,0.8,5881.491804229351
0.0,0.85,6133.326978761024
0.0,0.9,6464.971667975578
0.0,0.95,6949.879222703429
0.0,1.0,7866.740960304309
0.05,0.0,4441.710285241887
0.05,0.05,4474.143825640612
0.05,0.1,4511.078718828779
0.05,0.15,4552.688584788703
0.05,0.2,4599.216414863632
0.05,0.25,4650.984759470107
0.05,0.3,4708.410667288204
0.05,0.35,4772.02704127468
0.05,0.4,4842.513052424297
0.05,0.45,4920.737840255038
0.05,0.5,5007.8244319775185
0.05,0.55,5105.245623579526
0.05,0.6,5214.972560923431
0.05,0.65,5339.71455585242
0.05,0.7,5483.326349992589
0.05,0.75,5651.545722963598
0.05,0.8,5853.445957108417
0.05,0.85,6104.63901971658
0.05,0.9,6435.593880474896
0.05,0.95,6919.727259070939
0.05,1.0,7835.605171571388
0.1,0.0,4421.907572979215
0.1,0.05,4453.969634574908
0.1,0.1,4490.534805437307
0.1,0.15,4531.776091779341
0.1,0.2,4577.9358867663905
0.1,0.25,4629.336144302626
0.1,0.3,4686.393301959487
0.1,0.35,4749.6396163414365
0.1,0.4,4819.753548650911
0.1,0.45,4897.603424245346
0.1,0.5,4984.311289226365
0.1,0.55,5081.348691218816
0.1,0.6,5190.685092052187
0.1,0.65,5315.027386703535
0.1,0.7,5458.226612200775
0.1,0.75,5626.014446616252
0.1,0.8,5827.45325855392
0.1,0.85,6078.13340753006
0.1,0.9,6408.474876059268
0.1,0.95,6891.759812907799
0.1,1.0,7806.26698820138
0.125,0.0,4411.772684675294
0.125,0.05,4443.671952669014
0.125,0.1,4480.076183648327
0.125,0.15,4521.157969399135
0.125,0.2,4567.159292117145
0.125,0.25,4618.401684073848
0.125,0.3,4675.301133457702
0.125,0.35,4738.3893975627525
0.125,0.4,4808.3443578472525
0.125,0.45,4886.033635437411
0.125,0.5,4972.578381341351
0.125,0.55,5069.448953135099
0.125,0.6,5178.613157570859
0.125,0.65,5302.775478891026
0.125,0.7,5445.783264686992
0.125,0.75,5613.362223094202
0.125,0.8,5814.564398918012
0.125,0.85,6064.960733003258
0.125,0.9,6394.930326288756
0.125,0.95,6877.655062485
0.125,1.0,7791.347525197164
0.15,0.0,4401.3470245221815
0.15,0.05,4433.095260293521
0.15,0.1,4469.3499143089575
0.15,0.15,4510.283065912137
0.15,0.2,4556.1361729157625
0.15,0.25,4607.230212027769
0.15,0.3,4663.98056112152
0.15,0.35,4726.918281821964
0.15,0.4,4796.720432878455
0.15,0.45,4874.253626532385
0.15,0.5,4960.637731716886
0.15,0.55,5057.341418088517
0.15,0.6,5166.33018879374
0.15,0.65,5290.305262989765
0.15,0.7,5433.109164252138
0.15,0.75,5600.460125059263
0.15,0.8,5801.397917886175
0.15,0.85,6051.471803410778
0.15,0.9,6381.018628175399
0.15,0.95,6863.126489061587
0.15,1.0,7776.083196488421
0.2,0.0,4379.30418222696
0.2,0.05,4410.765936782316
0.2,0.1,4446.734492680823
0.2,0.15,4487.380713476306
0.2,0.2,4532.944799455257
0.2,0.25,4583.746388492397
0.2,0.3,4640.19939137388
0.2,0.35,4702.83321565613
0.2,0.4,4772.323002188849
0.2,0.45,4849.533076889617
0.2,0.5,4935.580506357785
0.2,0.55,5031.9304261102525
0.2,0.6,5140.5437457422595
0.2,0.65,5264.115512751931
0.2,0.7,5406.479638179054
0.2,0.75,5573.34177704493
0.2,0.8,5773.72225513073
0.2,0.85,6023.137910128915
0.2,0.9,6351.865585446599
0.2,0.95,6832.865839505414
0.2,1.0,7744.908224782375
0.3,0.0,4330.644584624233
0.3,0.05,4361.6446499492695
0.3,0.1,4397.151164920634
0.3,0.15,4437.333439851944
0.3,0.2,4482.430147721303
0.3,0.25,4532.759379974703
0.3,0.3,4588.7334323216155
0.3,0.35,4650.879969723787
0.3,0.4,4719.872187833386
0.3,0.45,4796.572162975039
0.3,0.5,4882.094262263063
0.3,0.55,4977.900253705222
0.3,0.6,5085.946668944676
0.3,0.65,5208.922603416908
0.3,0.7,5350.653464460661
0.3,0.75,5516.83205158184
0.3,0.8,5716.457921502694
0.3,0.85,5965.011536186685
0.3,0.9,6292.699311802442
0.3,0.95,6772.330274887981
0.3,1.0,7683.932077750673
0.5,0.0,4251.402390525825
0.5,0.05,4281.860151461383
0.5,0.1,4316.817322644687
0.5,0.15,4356.44163645215
0.5,0.2,4400.970160133403
0.5,0.25,4450.71931242442
0.5,0.3,4506.0996085709785
0.5,0.35,4567.6367802758205
0.5,0.4,4636.001884611276
0.5,0.45,4712.054589693088
0.5,0.5,4796.906502390289
0.5,0.55,4892.016167830062
0.5,0.6,4999.336275861543
0.5,0.65,5121.5512262350885
0.5,0.7,5262.480494494849
0.5,0.75,5427.809024590202
0.5,0.8,5626.52518911634
0.5,0.85,5874.091586403762
0.5,0.9,6200.680523459188
0.5,0.95,6679.0191444077955
0.5,1.0,7590.605007408731
0.75,0.0,4219.690273675526
0.75,0.05,4249.713260923952
0.75,0.1,4284.226589542424
0.75,0.15,4323.396679304444
0.75,0.2,4367.459081469824
0.75,0.25,4416.728439752513
0.75,0.3,4471.613161851573
0.75,0.35,4532.636440583281
0.75,0.4,4600.466227353858
0.75,0.45,4675.958328231914
0.75,0.5,4760.219459877706
0.75,0.55,4854.701848788418
0.75,0.6,4961.349829417998
0.75,0.65,5082.836449446319
0.75,0.7,5222.965250279386
0.75,0.75,5387.397886891666
0.75,0.8,5585.08686293927
0.75,0.85,5831.435420532362
0.75,0.9,6156.506550638175
0.75,0.95,6632.786048989152
0.75,1.0,7541.785541565237
1.0,0.0,4213.21320082834
1.0,0.05,4242.878334586304
1.0,0.1,4277.014825549392
1.0,0.15,4315.787830802097
1.0,0.2,4359.431406147945
1.0,0.25,4408.258429532954
1.0,0.3,4462.675223553614
1.0,0.35,4523.20251255776
1.0,0.4,4590.50531199388
1.0,0.45,4665.435912857896
1.0,0.5,4749.096787508529
1.0,0.55,4842.934983695229
1.0,0.6,4948.888436652047
1.0,0.65,5069.622166830856
1.0,0.7,5208.929465530505
1.0,0.75,5372.458625005964
1.0,0.8,5569.144318528934
1.0,0.85,5814.365451624974
1.0,0.9,6138.15159153982
1.0,0.95,6612.947640495744
1.0,1.0,7520.394080160533
1.5,0.0,4196.130228946904
1.5,0.05,4225.357210606068
1.5,0.1,4259.058664171137
1.5,0.15,4297.398745260563
1.5,0.2,4340.610572796829
1.5,0.25,4389.006133205451
1.5,0.3,4442.990885643889
1.5,0.35,4503.084702797685
1.5,0.4,4569.951743952521
1.5,0.45,4644.4434221421
1.5,0.5,4727.661290353603
1.5,0.55,4821.0514119282025
1.5,0.6,4926.550642737886
1.5,0.65,5046.8227900699985
1.5,0.7,5185.659749575038
1.5,0.75,5348.708188989172
1.5,0.8,5544.900966744062
1.5,0.85,5789.615585234786
1.5,0.9,6112.885000787657
1.5,0.95,6587.203547399251
1.5,1.0,7496.164142942596
2.0,0.0,4174.395431481302
2.0,0.05,4203.326254996274
2.0,0.1,4236.727174993038
2.0,0.15,4274.760704155251
2.0,0.2,4317.658206505528
2.0,0.25,4365.729739330831
2.0,0.3,4419.378583606204
2.0,0.35,4479.122090176651
2.0,0.4,4545.621427948789
2.0,0.45,4619.72438004981
2.0,0.5,4702.527987856367
2.0,0.55,4795.472566669563
2.0,0.6,4900.48744944331
2.0,0.65,5020.226295083237
2.0,0.7,5158.466817937007
2.0,0.75,5320.835009400586
2.0,0.8,5516.231944736214
2.0,0.85,5759.98283122148
2.0,0.9,6082.026616832326
2.0,0.95,6554.673156386853
2.0,1.0,7465.313854050532
3.0,0.0,4137.630863827923
3.0,0.05,4165.9484157534525
3.0,0.1,4198.743090216789
3.0,0.15,4236.175370547743
3.0,0.2,4278.4745978799265
3.0,0.25,4325.948760391006
3.0,0.3,4378.998964754026
3.0,0.35,4438.140212049315
3.0,0.4,4504.031057447589
3.0,0.45,4577.516289334857
3.0,0.5,4659.689411714906
3.0,0.55,4751.986427382491
3.0,0.6,4856.331233277867
3.0,0.65,4975.370383685145
3.0,0.7,5112.871924495088
3.0,0.75,5274.4480598458285
3.0,0.8,5468.979074731528
3.0,0.85,5711.756624964301
3.0,0.9,6032.661228391507
3.0,0.95,6503.902347888791
3.0,1.0,7416.296389892848
5.0,0.0,4094.7635861532217
5.0,0.05,4122.609929327516
5.0,0.1,4154.942954013207
5.0,0.15,4191.921294406827
5.0,0.2,4233.772573920586
5.0,0.25,4280.803161881414
5.0,0.3,4333.412616938991
5.0,0.35,4392.114438674432
5.0,0.4,4457.565706574323
5.0,0.45,4530.6097428029225
5.0,0.5,4612.338584968936
5.0,0.55,4704.186771885703
5.0,0.6,4808.076765894726
5.0,0.65,4926.653794618476
5.0,0.7,5063.684879179443
5.0,0.75,5224.78197177916
5.0,0.8,5418.827083270248
5.0,0.85,5661.119033436743
5.0,0.9,5981.563208254535
5.0,0.95,6452.478428695401
5.0,1.0,7370.92624100973
7.5,0.0,4053.9793450887373
7.5,0.05,4081.7812651143577
7.5,0.1,4114.081281664421
7.5,0.15,4151.037423285321
7.5,0.2,4192.876907762009
7.5,0.25,4239.905885452093
7.5,0.3,4292.523878720925
7.5,0.35,4351.244539111251
7.5,0.4,4416.725302607762
7.5,0.45,4489.810081991402
7.5,0.5,4571.591787051141
7.5,0.55,4663.506183462424
7.5,0.6,4767.477427305222
7.5,0.65,4886.153081760693
7.5,0.7,5023.303426784042
7.5,0.75,5184.545070627422
7.5,0.8,5378.76692663116
7.5,0.85,5621.278618679339
7.5,0.9,5942.003865537612
7.5,0.95,6413.296804124818
7.5,1.0,7332.338364107538
10.0,0.0,4024.921205459857
10.0,0.05,4052.726778065164
10.0,0.1,4085.033283159318
10.0,0.15,4121.998841711918
10.0,0.2,4163.8508669515795
10.0,0.25,4210.895817297231
10.0,0.3,4263.533652657007
10.0,0.35,4322.278617505251
10.0,0.4,4387.788934095074
10.0,0.45,4460.909549637087
10.0,0.5,4542.7347359998785
10.0,0.55,4634.702065503885
10.0,0.6,4738.738121324166
10.0,0.65,4857.493786853682
10.0,0.7,4994.743994507789
10.0,0.75,5156.112079230378
10.0,0.8,5350.497087963844
10.0,0.85,5593.224777857074
10.0,0.9,5914.246626564862
10.0,0.95,6385.97047590515
10.0,1.0,7305.70434063184
15.0,0.0,3997.816814481745
15.0,0.05,4025.478451714017
15.0,0.1,4057.6399965731944
15.0,0.15,4094.45925714216
15.0,0.2,4136.163361786596
15.0,0.25,4183.058511782033
15.0,0.3,4235.544439971945
15.0,0.35,4294.135199507031
15.0,0.4,4359.488867151522
15.0,0.45,4432.450306861808
15.0,0.5,4514.113795268406
15.0,0.55,4605.917037743699
15.0,0.6,4709.786942277164
15.0,0.65,4828.375010877789
15.0,0.7,4965.457257363808
15.0,0.75,5126.658852254522
15.0,0.8,5320.881962376642
15.0,0.85,5563.457785475943
15.0,0.9,5884.347798101702
15.0,0.95,6355.979982065051
15.0,1.0,7275.710197743963
18.145549,0.0,3973.854802213632
18.145549,0.05,4001.142469143295
18.145549,0.1,4032.9201101962044
18.145549,0.15,4069.344943012942
18.145549,0.2,4110.643474412974
18.145549,0.25,4157.121247544756
18.145549,0.3,4209.17729499366
18.145549,0.35,4267.324921750919
18.145549,0.4,4332.221402402024
18.145549,0.45,4404.710738124344
18.145549,0.5,4485.886275017048
18.145549,0.55,4577.184712345033
18.145549,0.6,4680.531867826364
18.145549,0.65,4798.578059606472
18.145549,0.7,4935.098013732388
18.145549,0.75,5095.7154978496055
18.145549,0.8,5289.331148844705
18.145549,0.85,5531.274495025077
18.145549,0.9,5851.5051917742085
18.145549,0.95,6322.4492374572055
18.145549,1.0,7241.460341585929
20.0,0.0,3949.949926838052
20.0,0.05,3976.914134214102
20.0,0.1,4008.370634182349
20.0,0.15,4044.476410223333
20.0,0.2,4085.4577595721116
20.0,0.25,4131.620041881101
20.0,0.3,4183.362134857633
20.0,0.35,4241.197221036138
20.0,0.4,4305.782490415629
20.0,0.45,4377.9619050886495
20.0,0.5,4458.828828162355
20.0,0.55,4549.820046692258
20.0,0.6,4652.861557453077
20.0,0.65,4770.603977758115
20.0,0.7,4906.8224941214185
20.0,0.75,5067.141555813852
20.0,0.8,5260.462791401734
20.0,0.85,5502.11716643162
20.0,0.9,5822.066432217138
20.0,0.95,6292.739689941919
20.0,1.0,7211.4953547950445
30.0,0.0,3810.839187915094
30.0,0.05,3837.063616457783
30.0,0.1,3867.7893607693154
30.0,0.15,3903.1717896385207
30.0,0.2,3943.435881912043
30.0,0.25,3988.8859656872714
30.0,0.3,4039.920182599628
30.0,0.35,4097.051304486087
30.0,0.4,4160.936493405067
30.0,0.45,4232.420162208321
30.0,0.5,4312.596757093725
30.0,0.55,4402.905025366934
30.0,0.6,4505.274197981354
30.0,0.65,4622.360064856818
30.0,0.7,4757.946091573607
30.0,0.75,4917.6703077665825
30.0,0.8,5110.457746532501
30.0,0.85,5351.683241378241
30.0,0.9,5671.403591403129
30.0,0.95,6142.322356195538
30.0,1.0,7063.888297434176
32.885638,0.0,3784.539730004901
32.885638,0.05,3810.689006441149
32.885638,0.1,3841.3439382612405
32.885638,0.15,3876.659583743834
32.885638,0.2,3916.8607108882634
32.885638,0.25,3962.2515377346544
32.885638,0.3,4013.230204693828
32.885638,0.35,4070.309607918212
32.885638,0.4,4134.147187891404
32.885638,0.45,4205.587835973974
32.885638,0.5,4285.726749926081
32.885638,0.55,4376.003818612714
32.885638,0.6,4478.3499966485915
32.885638,0.65,4595.423707158483
32.885638,0.7,4731.012544754669
32.885638,0.75,4890.761282980566
32.885638,0.8,5083.606636616579
32.885638,0.85,5324.945462904991
32.885638,0.9,5644.881759466002
32.885638,0.95,6116.244807886345
32.885638,1.0,7039.067696250741
40.0,0.0,3757.197494182301
40.0,0.05,3783.220888608815
40.0,0.1,3813.753696321496
40.0,0.15,3848.950798071352
40.0,0.2,3889.0368723666825
40.0,0.25,3934.316140514037
40.0,0.3,3985.1868496461234
40.0,0.35,4042.1621244053363
40.0,0.4,4105.899784319839
40.0,0.45,4177.245294450167
40.0,0.5,4257.2946885990505
40.0,0.55,4347.489059856019
40.0,0.6,4449.761106050123
40.0,0.65,4566.771820607262
40.0,0.7,4702.312710814705
40.0,0.75,4862.034801515977
40.0,0.8,5054.885538655098
40.0,0.85,5296.282342714062
40.0,0.9,5616.376501576358
40.0,0.95,6088.152536693744
40.0,1.0,7013.307657048537
50.0,0.0,3744.5522825879957
50.0,0.05,3770.5273832075245
50.0,0.1,3801.016145375506
50.0,0.15,3836.1731116043397
50.0,0.2,3876.2226923539843
50.0,0.25,3921.4689058079252
50.0,0.3,3972.3098596410514
50.0,0.35,4029.2586059325577
50.0,0.4,4092.972967493009
50.0,0.45,4164.298505595061
50.0,0.5,4244.331472869497
50.0,0.55,4334.513354479233
50.0,0.6,4436.777501268734
50.0,0.65,4553.785978271845
50.0,0.7,4689.33208256238
50.0,0.75,4849.069960979743
50.0,0.8,5041.952907603759
50.0,0.85,5283.410567705824
50.0,0.9,5603.624689241215
50.0,0.95,6075.68479247129
50.0,1.0,7002.3204855441445
