model_key,model,score,parameter,parameter_value,lambda,commitment_nll,signaling_nll,binomial_nll,raw_trials,command,reused,average_success_percent,average_efficiency_percent,average_commitment_percent,average_signaling_percent,equal_success_percent,equal_efficiency_percent,equal_commitment_percent,equal_signaling_percent,average_btom_step1_percent,equal_btom_step1_percent,average_btom_step1_3_percent,equal_btom_step1_3_percent
goal_contrast,Goal-contrast signaling,goal_contrast,rho,0.0,0.2,184.58565412445094,195.9684770227625,380.5541311472134,/Users/chengshaozhe/Documents/DukeECClab/code/multiplePlayerGridGame_socketIO/dataAnalysis/raw_data/model_model_simulations/joint_rl/shared_agency_new_signaling_models_comparison/no_signaling/always_signal_vs_always_signal_2p3g_raw_trials_beta_3_lambda_0p2_alpha_0_score_costly_mixture_sessions_0_to_29.json.zst,reused no-signaling baseline,True,91.38888888888889,88.3888189068118,78.68716931216932,33.64087301587302,98.88888888888889,98.38193288193288,94.44444444444444,43.888888888888886,64.85944282988008,69.9650138481724,72.90008939222099,80.02612985157165
goal_contrast,Goal-contrast signaling,goal_contrast,rho,0.1,0.2,181.78751782442882,189.2719874849653,371.0595053093941,/Users/chengshaozhe/Documents/DukeECClab/code/multiplePlayerGridGame_socketIO/dataAnalysis/raw_data/model_model_simulations/joint_rl/shared_agency_new_signaling_models_comparison/goal_contrast_sweep/always_signal_vs_always_signal_2p3g_raw_trials_beta_3_lambda_0p2_alpha_0p1_score_goal_contrast_sessions_0_to_29.json.zst,node /Users/chengshaozhe/Documents/DukeECClab/code/multiplePlayerGridGame_socketIO/dataAnalysis/scripts/simulate_always_signal_vs_always_signal_2p3g.js --sessions 30 --trials 12 --seed 42 --lambda 0.2 --alpha 0.1 --beta 3.0 --score goal_contrast --horizon 1 --unshaped-joint-rl --compact-diagnostics --output-dir /Users/chengshaozhe/Documents/DukeECClab/code/multiplePlayerGridGame_socketIO/dataAnalysis/model_model/shared_agency_new_signaling_models_comparison/simulations/goal_contrast_sweep --raw-output-dir /Users/chengshaozhe/Documents/DukeECClab/code/multiplePlayerGridGame_socketIO/dataAnalysis/raw_data/model_model_simulations/joint_rl/shared_agency_new_signaling_models_comparison/goal_contrast_sweep,True,93.05555555555556,88.1528453058682,78.23082010582011,37.98611111111111,100.0,98.16360455085945,95.27777777777777,55.27777777777777,66.74570942187188,74.71354446985573,74.26445518707676,83.76245685741893
goal_contrast,Goal-contrast signaling,goal_contrast,rho,0.25,0.2,175.54775896298582,191.05751052029075,366.6052694832766,/Users/chengshaozhe/Documents/DukeECClab/code/multiplePlayerGridGame_socketIO/dataAnalysis/raw_data/model_model_simulations/joint_rl/shared_agency_new_signaling_models_comparison/goal_contrast_sweep/always_signal_vs_always_signal_2p3g_raw_trials_beta_3_lambda_0p2_alpha_0p25_score_goal_contrast_sessions_0_to_29.json.zst,node /Users/chengshaozhe/Documents/DukeECClab/code/multiplePlayerGridGame_socketIO/dataAnalysis/scripts/simulate_always_signal_vs_always_signal_2p3g.js --sessions 30 --trials 12 --seed 42 --lambda 0.2 --alpha 0.25 --beta 3.0 --score goal_contrast --horizon 1 --unshaped-joint-rl --compact-diagnostics --output-dir /Users/chengshaozhe/Documents/DukeECClab/code/multiplePlayerGridGame_socketIO/dataAnalysis/model_model/shared_agency_new_signaling_models_comparison/simulations/goal_contrast_sweep --raw-output-dir /Users/chengshaozhe/Documents/DukeECClab/code/multiplePlayerGridGame_socketIO/dataAnalysis/raw_data/model_model_simulations/joint_rl/shared_agency_new_signaling_models_comparison/goal_contrast_sweep,True,90.0,88.03969954402376,73.62764550264548,36.81216931216931,98.88888888888889,97.91632441632441,92.5,50.55555555555556,65.23082665077473,72.20813482014827,71.72075882550149,83.5259685155074
goal_contrast,Goal-contrast signaling,goal_contrast,rho,0.5,0.2,174.64899010660025,185.93532926500313,360.5843193716034,/Users/chengshaozhe/Documents/DukeECClab/code/multiplePlayerGridGame_socketIO/dataAnalysis/raw_data/model_model_simulations/joint_rl/shared_agency_new_signaling_models_comparison/goal_contrast_sweep/always_signal_vs_always_signal_2p3g_raw_trials_beta_3_lambda_0p2_alpha_0p5_score_goal_contrast_sessions_0_to_29.json.zst,node /Users/chengshaozhe/Documents/DukeECClab/code/multiplePlayerGridGame_socketIO/dataAnalysis/scripts/simulate_always_signal_vs_always_signal_2p3g.js --sessions 30 --trials 12 --seed 42 --lambda 0.2 --alpha 0.5 --beta 3.0 --score goal_contrast --horizon 1 --unshaped-joint-rl --compact-diagnostics --output-dir /Users/chengshaozhe/Documents/DukeECClab/code/multiplePlayerGridGame_socketIO/dataAnalysis/model_model/shared_agency_new_signaling_models_comparison/simulations/goal_contrast_sweep --raw-output-dir /Users/chengshaozhe/Documents/DukeECClab/code/multiplePlayerGridGame_socketIO/dataAnalysis/raw_data/model_model_simulations/joint_rl/shared_agency_new_signaling_models_comparison/goal_contrast_sweep,True,89.72222222222223,88.19604930355982,72.50330687830687,43.23412698412698,100.0,98.33578921078922,95.83333333333334,64.72222222222221,68.94757308288065,79.75079674352516,74.43702696189071,86.81202133962432
goal_contrast,Goal-contrast signaling,goal_contrast,rho,0.75,0.2,173.35190738452354,189.4754761995078,362.82738358403134,/Users/chengshaozhe/Documents/DukeECClab/code/multiplePlayerGridGame_socketIO/dataAnalysis/raw_data/model_model_simulations/joint_rl/shared_agency_new_signaling_models_comparison/goal_contrast_sweep/always_signal_vs_always_signal_2p3g_raw_trials_beta_3_lambda_0p2_alpha_0p75_score_goal_contrast_sessions_0_to_29.json.zst,node /Users/chengshaozhe/Documents/DukeECClab/code/multiplePlayerGridGame_socketIO/dataAnalysis/scripts/simulate_always_signal_vs_always_signal_2p3g.js --sessions 30 --trials 12 --seed 42 --lambda 0.2 --alpha 0.75 --beta 3.0 --score goal_contrast --horizon 1 --unshaped-joint-rl --compact-diagnostics --output-dir /Users/chengshaozhe/Documents/DukeECClab/code/multiplePlayerGridGame_socketIO/dataAnalysis/model_model/shared_agency_new_signaling_models_comparison/simulations/goal_contrast_sweep --raw-output-dir /Users/chengshaozhe/Documents/DukeECClab/code/multiplePlayerGridGame_socketIO/dataAnalysis/raw_data/model_model_simulations/joint_rl/shared_agency_new_signaling_models_comparison/goal_contrast_sweep,True,90.27777777777779,87.40104646624255,69.59523809523809,46.43981481481481,100.0,98.41993001551825,97.22222222222221,79.16666666666666,70.02744808453492,85.69917997271467,74.79253258123374,91.41630661184249
goal_contrast,Goal-contrast signaling,goal_contrast,rho,1.0,0.2,176.16019058569884,200.15903635934941,376.3192269450483,/Users/chengshaozhe/Documents/DukeECClab/code/multiplePlayerGridGame_socketIO/dataAnalysis/raw_data/model_model_simulations/joint_rl/shared_agency_new_signaling_models_comparison/goal_contrast_sweep/always_signal_vs_always_signal_2p3g_raw_trials_beta_3_lambda_0p2_alpha_1_score_goal_contrast_sessions_0_to_29.json.zst,node /Users/chengshaozhe/Documents/DukeECClab/code/multiplePlayerGridGame_socketIO/dataAnalysis/scripts/simulate_always_signal_vs_always_signal_2p3g.js --sessions 30 --trials 12 --seed 42 --lambda 0.2 --alpha 1.0 --beta 3.0 --score goal_contrast --horizon 1 --unshaped-joint-rl --compact-diagnostics --output-dir /Users/chengshaozhe/Documents/DukeECClab/code/multiplePlayerGridGame_socketIO/dataAnalysis/model_model/shared_agency_new_signaling_models_comparison/simulations/goal_contrast_sweep --raw-output-dir /Users/chengshaozhe/Documents/DukeECClab/code/multiplePlayerGridGame_socketIO/dataAnalysis/raw_data/model_model_simulations/joint_rl/shared_agency_new_signaling_models_comparison/goal_contrast_sweep,True,91.11111111111111,86.50324547586452,64.5350529100529,51.0489417989418,100.0,98.05108581894297,87.79761904761905,85.11904761904762,72.07163968276102,87.25638139222815,74.88229111478772,91.2324671945688
one_step_deliberate,One-step deliberate signal,one_step_deliberate,rho,0.0,0.2,184.58565412445094,195.9684770227625,380.5541311472134,/Users/chengshaozhe/Documents/DukeECClab/code/multiplePlayerGridGame_socketIO/dataAnalysis/raw_data/model_model_simulations/joint_rl/shared_agency_new_signaling_models_comparison/no_signaling/always_signal_vs_always_signal_2p3g_raw_trials_beta_3_lambda_0p2_alpha_0_score_costly_mixture_sessions_0_to_29.json.zst,reused no-signaling baseline,True,91.38888888888889,88.3888189068118,78.68716931216932,33.64087301587302,98.88888888888889,98.38193288193288,94.44444444444444,43.888888888888886,64.85944282988008,69.9650138481724,72.90008939222099,80.02612985157165
one_step_deliberate,One-step deliberate signal,one_step_deliberate,rho,0.1,0.2,185.20679402538084,196.37708755144098,381.5838815768218,/Users/chengshaozhe/Documents/DukeECClab/code/multiplePlayerGridGame_socketIO/dataAnalysis/raw_data/model_model_simulations/joint_rl/shared_agency_new_signaling_models_comparison/one_step_deliberate_sweep/always_signal_vs_always_signal_2p3g_raw_trials_beta_3_lambda_0p2_alpha_0p1_score_one_step_deliberate_sessions_0_to_29.json.zst,node /Users/chengshaozhe/Documents/DukeECClab/code/multiplePlayerGridGame_socketIO/dataAnalysis/scripts/simulate_always_signal_vs_always_signal_2p3g.js --sessions 30 --trials 12 --seed 42 --lambda 0.2 --alpha 0.1 --beta 3.0 --score one_step_deliberate --horizon 1 --unshaped-joint-rl --compact-diagnostics --output-dir /Users/chengshaozhe/Documents/DukeECClab/code/multiplePlayerGridGame_socketIO/dataAnalysis/model_model/shared_agency_new_signaling_models_comparison/simulations/one_step_deliberate_sweep --raw-output-dir /Users/chengshaozhe/Documents/DukeECClab/code/multiplePlayerGridGame_socketIO/dataAnalysis/raw_data/model_model_simulations/joint_rl/shared_agency_new_signaling_models_comparison/one_step_deliberate_sweep,True,91.11111111111111,88.0342610505309,79.19973544973546,33.4292328042328,98.88888888888889,98.43658656158657,94.44444444444444,43.888888888888886,64.69374636174477,69.71477653239572,73.23877679953928,81.68645441262042
one_step_deliberate,One-step deliberate signal,one_step_deliberate,rho,0.25,0.2,183.75532958711017,195.41233846669985,379.16766805381,/Users/chengshaozhe/Documents/DukeECClab/code/multiplePlayerGridGame_socketIO/dataAnalysis/raw_data/model_model_simulations/joint_rl/shared_agency_new_signaling_models_comparison/one_step_deliberate_sweep/always_signal_vs_always_signal_2p3g_raw_trials_beta_3_lambda_0p2_alpha_0p25_score_one_step_deliberate_sessions_0_to_29.json.zst,node /Users/chengshaozhe/Documents/DukeECClab/code/multiplePlayerGridGame_socketIO/dataAnalysis/scripts/simulate_always_signal_vs_always_signal_2p3g.js --sessions 30 --trials 12 --seed 42 --lambda 0.2 --alpha 0.25 --beta 3.0 --score one_step_deliberate --horizon 1 --unshaped-joint-rl --compact-diagnostics --output-dir /Users/chengshaozhe/Documents/DukeECClab/code/multiplePlayerGridGame_socketIO/dataAnalysis/model_model/shared_agency_new_signaling_models_comparison/simulations/one_step_deliberate_sweep --raw-output-dir /Users/chengshaozhe/Documents/DukeECClab/code/multiplePlayerGridGame_socketIO/dataAnalysis/raw_data/model_model_simulations/joint_rl/shared_agency_new_signaling_models_comparison/one_step_deliberate_sweep,True,90.83333333333333,88.36945040604449,78.22420634920636,33.84920634920635,98.88888888888889,98.41133403633403,94.44444444444444,44.166666666666664,65.09633990047351,69.82983664702732,73.96392409224258,83.29184898496638
one_step_deliberate,One-step deliberate signal,one_step_deliberate,rho,0.5,0.2,182.57805268799245,195.82411531772362,378.4021680057161,/Users/chengshaozhe/Documents/DukeECClab/code/multiplePlayerGridGame_socketIO/dataAnalysis/raw_data/model_model_simulations/joint_rl/shared_agency_new_signaling_models_comparison/one_step_deliberate_sweep/always_signal_vs_always_signal_2p3g_raw_trials_beta_3_lambda_0p2_alpha_0p5_score_one_step_deliberate_sessions_0_to_29.json.zst,node /Users/chengshaozhe/Documents/DukeECClab/code/multiplePlayerGridGame_socketIO/dataAnalysis/scripts/simulate_always_signal_vs_always_signal_2p3g.js --sessions 30 --trials 12 --seed 42 --lambda 0.2 --alpha 0.5 --beta 3.0 --score one_step_deliberate --horizon 1 --unshaped-joint-rl --compact-diagnostics --output-dir /Users/chengshaozhe/Documents/DukeECClab/code/multiplePlayerGridGame_socketIO/dataAnalysis/model_model/shared_agency_new_signaling_models_comparison/simulations/one_step_deliberate_sweep --raw-output-dir /Users/chengshaozhe/Documents/DukeECClab/code/multiplePlayerGridGame_socketIO/dataAnalysis/raw_data/model_model_simulations/joint_rl/shared_agency_new_signaling_models_comparison/one_step_deliberate_sweep,True,91.11111111111111,88.6816607787328,77.62896825396824,33.551587301587304,98.88888888888889,98.3700990367657,95.55555555555556,42.5,65.06920597202405,69.04388479612523,74.75654134065462,83.24029293628986
one_step_deliberate,One-step deliberate signal,one_step_deliberate,rho,0.75,0.2,178.77686012897527,193.73534059320173,372.512200722177,/Users/chengshaozhe/Documents/DukeECClab/code/multiplePlayerGridGame_socketIO/dataAnalysis/raw_data/model_model_simulations/joint_rl/shared_agency_new_signaling_models_comparison/one_step_deliberate_sweep/always_signal_vs_always_signal_2p3g_raw_trials_beta_3_lambda_0p2_alpha_0p75_score_one_step_deliberate_sessions_0_to_29.json.zst,node /Users/chengshaozhe/Documents/DukeECClab/code/multiplePlayerGridGame_socketIO/dataAnalysis/scripts/simulate_always_signal_vs_always_signal_2p3g.js --sessions 30 --trials 12 --seed 42 --lambda 0.2 --alpha 0.75 --beta 3.0 --score one_step_deliberate --horizon 1 --unshaped-joint-rl --compact-diagnostics --output-dir /Users/chengshaozhe/Documents/DukeECClab/code/multiplePlayerGridGame_socketIO/dataAnalysis/model_model/shared_agency_new_signaling_models_comparison/simulations/one_step_deliberate_sweep --raw-output-dir /Users/chengshaozhe/Documents/DukeECClab/code/multiplePlayerGridGame_socketIO/dataAnalysis/raw_data/model_model_simulations/joint_rl/shared_agency_new_signaling_models_comparison/one_step_deliberate_sweep,True,90.83333333333333,88.66651124572613,74.91071428571429,34.71560846560847,98.88888888888889,98.2589339672673,93.33333333333333,46.111111111111114,65.89060217136878,70.85221033969358,75.24397202184862,84.1130338077985
one_step_deliberate,One-step deliberate signal,one_step_deliberate,rho,1.0,0.2,178.77879019789225,194.23485926165634,373.01364945954856,/Users/chengshaozhe/Documents/DukeECClab/code/multiplePlayerGridGame_socketIO/dataAnalysis/raw_data/model_model_simulations/joint_rl/shared_agency_new_signaling_models_comparison/one_step_deliberate_sweep/always_signal_vs_always_signal_2p3g_raw_trials_beta_3_lambda_0p2_alpha_1_score_one_step_deliberate_sessions_0_to_29.json.zst,node /Users/chengshaozhe/Documents/DukeECClab/code/multiplePlayerGridGame_socketIO/dataAnalysis/scripts/simulate_always_signal_vs_always_signal_2p3g.js --sessions 30 --trials 12 --seed 42 --lambda 0.2 --alpha 1.0 --beta 3.0 --score one_step_deliberate --horizon 1 --unshaped-joint-rl --compact-diagnostics --output-dir /Users/chengshaozhe/Documents/DukeECClab/code/multiplePlayerGridGame_socketIO/dataAnalysis/model_model/shared_agency_new_signaling_models_comparison/simulations/one_step_deliberate_sweep --raw-output-dir /Users/chengshaozhe/Documents/DukeECClab/code/multiplePlayerGridGame_socketIO/dataAnalysis/raw_data/model_model_simulations/joint_rl/shared_agency_new_signaling_models_comparison/one_step_deliberate_sweep,True,90.0,88.35795213508368,74.4510582010582,34.38492063492063,96.66666666666667,97.66312545479212,90.0,44.166666666666664,65.56006848265585,70.13870923160641,75.07386705856202,82.7874613056613
opportunity_gated_costly_mixture,Opportunity-gated communicative action mixture,opportunity_costly_mixture,rho_max,0.0,0.2,184.58565412445094,195.9684770227625,380.5541311472134,/Users/chengshaozhe/Documents/DukeECClab/code/multiplePlayerGridGame_socketIO/dataAnalysis/raw_data/model_model_simulations/joint_rl/shared_agency_new_signaling_models_comparison/no_signaling/always_signal_vs_always_signal_2p3g_raw_trials_beta_3_lambda_0p2_alpha_0_score_costly_mixture_sessions_0_to_29.json.zst,reused no-signaling baseline,True,91.38888888888889,88.3888189068118,78.68716931216932,33.64087301587302,98.88888888888889,98.38193288193288,94.44444444444444,43.888888888888886,64.85944282988008,69.9650138481724,72.90008939222099,80.02612985157165
opportunity_gated_costly_mixture,Opportunity-gated communicative action mixture,opportunity_costly_mixture,rho_max,0.1,0.2,182.71889586538458,193.4450781632661,376.16397402865067,/Users/chengshaozhe/Documents/DukeECClab/code/multiplePlayerGridGame_socketIO/dataAnalysis/raw_data/model_model_simulations/joint_rl/shared_agency_new_signaling_models_comparison/opportunity_gated_costly_mixture_sweep/always_signal_vs_always_signal_2p3g_raw_trials_beta_3_lambda_0p2_alpha_0p1_score_opportunity_costly_mixture_sessions_0_to_29.json.zst,node /Users/chengshaozhe/Documents/DukeECClab/code/multiplePlayerGridGame_socketIO/dataAnalysis/scripts/simulate_always_signal_vs_always_signal_2p3g.js --sessions 30 --trials 12 --seed 42 --lambda 0.2 --alpha 0.1 --beta 3.0 --score opportunity_costly_mixture --horizon 1 --unshaped-joint-rl --compact-diagnostics --output-dir /Users/chengshaozhe/Documents/DukeECClab/code/multiplePlayerGridGame_socketIO/dataAnalysis/model_model/shared_agency_new_signaling_models_comparison/simulations/opportunity_gated_costly_mixture_sweep --raw-output-dir /Users/chengshaozhe/Documents/DukeECClab/code/multiplePlayerGridGame_socketIO/dataAnalysis/raw_data/model_model_simulations/joint_rl/shared_agency_new_signaling_models_comparison/opportunity_gated_costly_mixture_sweep,True,93.05555555555556,88.15981982401372,79.05753968253968,34.54166666666667,100.0,98.25737480909896,97.70114942528735,50.862068965517246,65.06241693852023,72.9788963992344,72.90505652299422,82.2609588913388
opportunity_gated_costly_mixture,Opportunity-gated communicative action mixture,opportunity_costly_mixture,rho_max,0.25,0.2,177.07204583218942,194.51655043975558,371.588596271945,/Users/chengshaozhe/Documents/DukeECClab/code/multiplePlayerGridGame_socketIO/dataAnalysis/raw_data/model_model_simulations/joint_rl/shared_agency_new_signaling_models_comparison/opportunity_gated_costly_mixture_sweep/always_signal_vs_always_signal_2p3g_raw_trials_beta_3_lambda_0p2_alpha_0p25_score_opportunity_costly_mixture_sessions_0_to_29.json.zst,node /Users/chengshaozhe/Documents/DukeECClab/code/multiplePlayerGridGame_socketIO/dataAnalysis/scripts/simulate_always_signal_vs_always_signal_2p3g.js --sessions 30 --trials 12 --seed 42 --lambda 0.2 --alpha 0.25 --beta 3.0 --score opportunity_costly_mixture --horizon 1 --unshaped-joint-rl --compact-diagnostics --output-dir /Users/chengshaozhe/Documents/DukeECClab/code/multiplePlayerGridGame_socketIO/dataAnalysis/model_model/shared_agency_new_signaling_models_comparison/simulations/opportunity_gated_costly_mixture_sweep --raw-output-dir /Users/chengshaozhe/Documents/DukeECClab/code/multiplePlayerGridGame_socketIO/dataAnalysis/raw_data/model_model_simulations/joint_rl/shared_agency_new_signaling_models_comparison/opportunity_gated_costly_mixture_sweep,True,92.5,88.38049035807063,75.81679894179895,34.641534391534385,100.0,98.46968232384899,98.33333333333333,47.22222222222222,64.42019344655824,70.44978807810884,72.75445835958453,80.63219908726201
opportunity_gated_costly_mixture,Opportunity-gated communicative action mixture,opportunity_costly_mixture,rho_max,0.5,0.2,178.69450437939048,193.74224206269741,372.4367464420879,/Users/chengshaozhe/Documents/DukeECClab/code/multiplePlayerGridGame_socketIO/dataAnalysis/raw_data/model_model_simulations/joint_rl/shared_agency_new_signaling_models_comparison/opportunity_gated_costly_mixture_sweep/always_signal_vs_always_signal_2p3g_raw_trials_beta_3_lambda_0p2_alpha_0p5_score_opportunity_costly_mixture_sessions_0_to_29.json.zst,node /Users/chengshaozhe/Documents/DukeECClab/code/multiplePlayerGridGame_socketIO/dataAnalysis/scripts/simulate_always_signal_vs_always_signal_2p3g.js --sessions 30 --trials 12 --seed 42 --lambda 0.2 --alpha 0.5 --beta 3.0 --score opportunity_costly_mixture --horizon 1 --unshaped-joint-rl --compact-diagnostics --output-dir /Users/chengshaozhe/Documents/DukeECClab/code/multiplePlayerGridGame_socketIO/dataAnalysis/model_model/shared_agency_new_signaling_models_comparison/simulations/opportunity_gated_costly_mixture_sweep --raw-output-dir /Users/chengshaozhe/Documents/DukeECClab/code/multiplePlayerGridGame_socketIO/dataAnalysis/raw_data/model_model_simulations/joint_rl/shared_agency_new_signaling_models_comparison/opportunity_gated_costly_mixture_sweep,True,92.77777777777779,87.891670284081,74.87433862433863,35.13558201058202,100.0,97.85602823102823,88.33333333333333,48.6111111111111,65.25298300917116,71.28571415251773,72.84942294591067,81.03652546661462
opportunity_gated_costly_mixture,Opportunity-gated communicative action mixture,opportunity_costly_mixture,rho_max,0.75,0.2,173.7947952183153,190.33016607895894,364.12496129727424,/Users/chengshaozhe/Documents/DukeECClab/code/multiplePlayerGridGame_socketIO/dataAnalysis/raw_data/model_model_simulations/joint_rl/shared_agency_new_signaling_models_comparison/opportunity_gated_costly_mixture_sweep/always_signal_vs_always_signal_2p3g_raw_trials_beta_3_lambda_0p2_alpha_0p75_score_opportunity_costly_mixture_sessions_0_to_29.json.zst,node /Users/chengshaozhe/Documents/DukeECClab/code/multiplePlayerGridGame_socketIO/dataAnalysis/scripts/simulate_always_signal_vs_always_signal_2p3g.js --sessions 30 --trials 12 --seed 42 --lambda 0.2 --alpha 0.75 --beta 3.0 --score opportunity_costly_mixture --horizon 1 --unshaped-joint-rl --compact-diagnostics --output-dir /Users/chengshaozhe/Documents/DukeECClab/code/multiplePlayerGridGame_socketIO/dataAnalysis/model_model/shared_agency_new_signaling_models_comparison/simulations/opportunity_gated_costly_mixture_sweep --raw-output-dir /Users/chengshaozhe/Documents/DukeECClab/code/multiplePlayerGridGame_socketIO/dataAnalysis/raw_data/model_model_simulations/joint_rl/shared_agency_new_signaling_models_comparison/opportunity_gated_costly_mixture_sweep,True,93.88888888888889,87.96106552912109,68.03637566137566,36.51785714285714,100.0,97.95648795648795,87.64367816091954,48.56321839080459,66.47295198140061,72.9050333140534,73.20258527905175,81.70813113818883
opportunity_gated_costly_mixture,Opportunity-gated communicative action mixture,opportunity_costly_mixture,rho_max,1.0,0.2,176.7493704084278,192.92413057288772,369.67350098131556,/Users/chengshaozhe/Documents/DukeECClab/code/multiplePlayerGridGame_socketIO/dataAnalysis/raw_data/model_model_simulations/joint_rl/shared_agency_new_signaling_models_comparison/opportunity_gated_costly_mixture_sweep/always_signal_vs_always_signal_2p3g_raw_trials_beta_3_lambda_0p2_alpha_1_score_opportunity_costly_mixture_sessions_0_to_29.json.zst,node /Users/chengshaozhe/Documents/DukeECClab/code/multiplePlayerGridGame_socketIO/dataAnalysis/scripts/simulate_always_signal_vs_always_signal_2p3g.js --sessions 30 --trials 12 --seed 42 --lambda 0.2 --alpha 1.0 --beta 3.0 --score opportunity_costly_mixture --horizon 1 --unshaped-joint-rl --compact-diagnostics --output-dir /Users/chengshaozhe/Documents/DukeECClab/code/multiplePlayerGridGame_socketIO/dataAnalysis/model_model/shared_agency_new_signaling_models_comparison/simulations/opportunity_gated_costly_mixture_sweep --raw-output-dir /Users/chengshaozhe/Documents/DukeECClab/code/multiplePlayerGridGame_socketIO/dataAnalysis/raw_data/model_model_simulations/joint_rl/shared_agency_new_signaling_models_comparison/opportunity_gated_costly_mixture_sweep,True,92.22222222222223,88.56327576744242,62.325396825396815,36.11706349206349,97.77777777777777,98.23291292041291,80.0595238095238,61.60714285714286,66.14533752201369,77.56416269607145,72.07803846803859,85.09522793114212
